ID,Site,Date,Transect,Meter,Species,DBH_cm,Intact,State,Height_m,Comments,Entered_by,Range
1,GRNCAR,4-Sep-17,1,0-5,Abies concolor,80.8,Y,H,,,JMP,
2,GRNCAR,4-Sep-17,1,0-5,Abies concolor,38,Y,H,,,JMP,
3,GRNCAR,4-Sep-17,1,15-Oct,Abies concolor,49.5,Y,H,,,JMP,
4,GRNCAR,4-Sep-17,1,15-Oct,Abies concolor,30.8,Y,H,,,JMP,
5,GRNCAR,4-Sep-17,1,15-Oct,Abies concolor,59.7,Y,H,,,JMP,
6,GRNCAR,4-Sep-17,1,15-20,Calocedrus decurrens,37.6,Y,H,,,JMP,
7,GRNCAR,4-Sep-17,1,20-25,Abies concolor,65.8,N,D,22.5,,JMP,
8,GRNCAR,4-Sep-17,1,20-25,Calocedrus decurrens,16,Y,H,,,JMP,
9,GRNCAR,4-Sep-17,1,20-25,Calocedrus decurrens,75.5,Y,H,,,JMP,
10,GRNCAR,4-Sep-17,1,20-25,Abies concolor,55.3,Y,H,,,JMP,
11,GRNCAR,4-Sep-17,1,20-25,Quercus kelloggii,50.3,Y,D,,,JMP,
12,GRNCAR,4-Sep-17,1,20-25,Quercus kelloggii,29.7,N,D,8.5,,JMP,
13,GRNCAR,4-Sep-17,1,20-25,Quercus kelloggii,25.8,Y,D,,,JMP,
14,GRNCAR,4-Sep-17,1,20-25,Quercus kelloggii,31.8,Y,D,,,JMP,
15,GRNCAR,4-Sep-17,1,25-30,Calocedrus decurrens,39.7,Y,H,,,JMP,
16,GRNCAR,4-Sep-17,1,25-30,Calocedrus decurrens,45.9,Y,H,,,JMP,
17,GRNCAR,4-Sep-17,1,25-30,Abies concolor,58.1,Y,H,,,JMP,
18,GRNCAR,4-Sep-17,1,30-35,Calocedrus decurrens,19.3,Y,H,,,JMP,
19,GRNCAR,4-Sep-17,1,30-35,Calocedrus decurrens,36,N,H,16,,JMP,
20,GRNCAR,4-Sep-17,1,35-40,Abies concolor,38.4,Y,H,,,JMP,
21,GRNCAR,4-Sep-17,1,35-40,Abies concolor,33.3,Y,H,,,JMP,
22,GRNCAR,4-Sep-17,1,35-40,Calocedrus decurrens,22.7,Y,H,,,JMP,
23,GRNCAR,4-Sep-17,1,35-40,Calocedrus decurrens,25.4,Y,D,,,JMP,
24,GRNCAR,4-Sep-17,1,35-40,Calocedrus decurrens,38.6,Y,H,,,JMP,
25,GRNCAR,4-Sep-17,1,35-40,Calocedrus decurrens,29.7,Y,H,,,JMP,
26,GRNCAR,4-Sep-17,1,40-45,Calocedrus decurrens,32.3,Y,H,,,JMP,
27,GRNCAR,4-Sep-17,1,40-45,Calocedrus decurrens,18.8,N,D,11.5,,JMP,
28,GRNCAR,4-Sep-17,1,40-45,Calocedrus decurrens,27.4,Y,H,,,JMP,
29,GRNCAR,4-Sep-17,1,40-45,Abies concolor,53.5,Y,H,,,JMP,
30,GRNCAR,4-Sep-17,1,40-45,Abies concolor,40.4,Y,H,,,JMP,
31,GRNCAR,4-Sep-17,1,45-50,Abies concolor,42.8,Y,H,,,JMP,
32,GRNCAR,4-Sep-17,1,45-50,Abies concolor,47.1,Y,H,,,JMP,
33,GRNCAR,4-Sep-17,1,45-50,Abies concolor,27.8,Y,H,,,JMP,
34,GRNCAR,4-Sep-17,1,10-May,Calocedrus decurrens,86.8,Y,H,,,JMP,
35,GRNCAR,4-Sep-17,1,10-May,Abies concolor,19.7,Y,H,,,JMP,
36,GRNCAR,4-Sep-17,2,0-5,Abies sp.,55.8,Y,D,,,JMP,
37,GRNCAR,4-Sep-17,2,0-5,Abies sp.,49,Y,D,,,JMP,
38,GRNCAR,4-Sep-17,2,0-5,Calocedrus decurrens,47.4,Y,H,,,JMP,
39,GRNCAR,4-Sep-17,2,0-5,Abies concolor,22.5,Y,H,,,JMP,
40,GRNCAR,4-Sep-17,2,15-Oct,Calocedrus decurrens,32.3,Y,D,,missing 3% of top of tree,JMP,
41,GRNCAR,4-Sep-17,2,15-Oct,Abies concolor,60.6,Y,D,,,JMP,
42,GRNCAR,4-Sep-17,2,15-Oct,Abies concolor,81.4,Y,D,,,JMP,
43,GRNCAR,4-Sep-17,2,15-Oct,Abies concolor,25.6,Y,D,,,JMP,
44,GRNCAR,4-Sep-17,2,15-Oct,Pinus ponderosa,52.1,Y,H,,,JMP,
45,GRNCAR,4-Sep-17,2,15-20,Abies concolor,65.8,Y,H,,,JMP,
46,GRNCAR,4-Sep-17,2,15-20,Abies concolor,72.3,Y,D,,,JMP,
47,GRNCAR,4-Sep-17,2,20-25,Pinus ponderosa,65.9,Y,H,,,JMP,
48,GRNCAR,4-Sep-17,2,20-25,Calocedrus decurrens,20.7,Y,D,,missing 3% of top of tree,JMP,
49,GRNCAR,4-Sep-17,2,20-25,Abies concolor,56.4,Y,H,,,JMP,
50,GRNCAR,4-Sep-17,2,25-30,Calocedrus decurrens,17.4,Y,D,,missing 3% of top of tree,JMP,
51,GRNCAR,4-Sep-17,2,25-30,Calocedrus decurrens,35.6,Y,H,,,JMP,
52,GRNCAR,4-Sep-17,2,25-30,Calocedrus decurrens,46.8,Y,D,,,JMP,
53,GRNCAR,4-Sep-17,2,25-30,Abies concolor,66.5,Y,H,,,JMP,
54,GRNCAR,4-Sep-17,2,30-35,Calocedrus decurrens,26.9,Y,D,,missing 3% of top of tree,JMP,
55,GRNCAR,4-Sep-17,2,30-35,Abies concolor,56.4,N,D,10,,JMP,
56,GRNCAR,4-Sep-17,2,35-40,Abies concolor,83.2,Y,H,,,JMP,
57,GRNCAR,4-Sep-17,2,35-40,Calocedrus decurrens,21.8,Y,D,,missing 3% of top of tree,JMP,
58,GRNCAR,4-Sep-17,2,35-40,Calocedrus decurrens,34.7,N,D,11,,JMP,
59,GRNCAR,4-Sep-17,2,35-40,Calocedrus decurrens,31.4,N,D,18,,JMP,
60,GRNCAR,4-Sep-17,2,35-40,Abies sp.,41.8,Y,D,,,JMP,
61,GRNCAR,4-Sep-17,2,35-40,Abies concolor,36.6,Y,H,,,JMP,
62,GRNCAR,4-Sep-17,2,35-40,Abies concolor,68.7,Y,H,,,JMP,
63,GRNCAR,4-Sep-17,2,35-40,Calocedrus decurrens,17.4,Y,D,,,JMP,
64,GRNCAR,4-Sep-17,2,40-45,Abies concolor,23.3,Y,H,,,JMP,
65,GRNCAR,4-Sep-17,2,40-45,Calocedrus decurrens,54.2,Y,H,,,JMP,
66,GRNCAR,4-Sep-17,2,40-45,Calocedrus decurrens,23.8,N,D,7,,JMP,
67,GRNCAR,4-Sep-17,2,45-50,Abies concolor,74.1,Y,H,,,JMP,
68,GRNCAR,4-Sep-17,2,45-50,Calocedrus decurrens,42.6,Y,H,,,JMP,
69,GRNCAR,4-Sep-17,2,45-50,Abies concolor,15.7,Y,H,,,JMP,
70,GRNCAR,4-Sep-17,2,10-May,Calocedrus decurrens,21.2,Y,D,,missing 3% of top of tree,JMP,
71,GRNCAR,4-Sep-17,2,10-May,Calocedrus decurrens,33.1,Y,D,,missing 3% of top of tree,JMP,
72,GRNCAR,4-Sep-17,2,10-May,Abies concolor,44.7,Y,D,,,JMP,
73,GRNCAR,4-Sep-17,2,10-May,Abies concolor,17.9,N,D,11,,JMP,
74,GRNCAR,4-Sep-17,2,10-May,Calocedrus decurrens,16.3,Y,D,,,JMP,
75,GRNDAM,28-Aug-17,1,0-5,Pseudotsuga menziesii,33.7,Y,H,,,JMP,
76,GRNDAM,28-Aug-17,1,0-5,Pinus ponderosa,53.2,Y,H,,,JMP,
77,GRNDAM,28-Aug-17,1,15-Oct,Abies concolor,83.3,Y,H,,,JMP,
78,GRNDAM,28-Aug-17,1,15-Oct,Quercus kelloggii,29.4,Y,H,,,JMP,
79,GRNDAM,28-Aug-17,1,15-20,Calocedrus decurrens,28.2,Y,H,,,JMP,
80,GRNDAM,28-Aug-17,1,20-25,Abies concolor,94.8,Y,H,,,JMP,
81,GRNDAM,28-Aug-17,1,30-35,Pinus ponderosa,45.4,Y,H,,,JMP,
82,GRNDAM,28-Aug-17,1,35-40,Abies concolor,63.5,Y,H,,,JMP,
83,GRNDAM,28-Aug-17,1,35-40,Abies concolor,63,Y,H,,,JMP,
84,GRNDAM,28-Aug-17,1,45-50,Pseudotsuga menziesii,24.7,N,H,7,,JMP,
85,GRNDAM,28-Aug-17,1,45-50,Abies concolor,23.3,Y,H,,,JMP,
86,GRNDAM,28-Aug-17,1,40-45,Calocedrus decurrens,18.4,Y,H,,,JMP,
87,GRNDAM,28-Aug-17,1,35-40,Pseudotsuga menziesii,81.8,Y,H,,,JMP,
88,GRNDAM,28-Aug-17,1,35-40,Pseudotsuga menziesii,51.5,Y,H,,,JMP,
89,GRNDAM,28-Aug-17,1,25-30,Pinus ponderosa,83,Y,H,,,JMP,
90,GRNDAM,28-Aug-17,1,20-25,Pinus ponderosa,59.7,Y,D,,,JMP,
91,GRNDAM,28-Aug-17,1,20-25,Abies concolor,35.5,Y,H,,,JMP,
92,GRNDAM,28-Aug-17,1,20-25,Pinus ponderosa,63.4,Y,H,,,JMP,
93,GRNDAM,28-Aug-17,1,20-25,Pinus lambertiana,27.3,Y,D,,,JMP,
94,GRNDAM,28-Aug-17,1,20-25,Pinus lambertiana,28.7,Y,H,,,JMP,
95,GRNDAM,28-Aug-17,1,15-20,Pseudotsuga menziesii,26.2,Y,H,,,JMP,
96,GRNDAM,28-Aug-17,1,15-20,Pinus lambertiana,89.4,Y,H,,,JMP,
97,GRNDAM,28-Aug-17,1,15-20,Pinus ponderosa,37.9,Y,D,,,JMP,
98,GRNDAM,28-Aug-17,1,15-Oct,Calocedrus decurrens,24.2,N,D,7,,JMP,
99,GRNDAM,28-Aug-17,1,10-May,Abies concolor,21.2,Y,H,,,JMP,
100,GRNDAM,28-Aug-17,1,10-May,Abies concolor,68,Y,H,,,JMP,
101,GRNDAM,28-Aug-17,1,0-5,Pseudotsuga menziesii,19.2,Y,D,,,JMP,
102,GRNDAM,28-Aug-17,1,0-5,Pseudotsuga menziesii,63.9,Y,H,,,JMP,
103,GRNDAM,29-Aug-17,2,10-May,Pseudotsuga menziesii,55.5,Y,H,,,JMP,
104,GRNDAM,29-Aug-17,2,15-Oct,Abies magnifica,53.4,Y,H,,,JMP,
105,GRNDAM,29-Aug-17,2,15-Oct,Pseudotsuga menziesii,16.8,Y,H,,,JMP,
106,GRNDAM,29-Aug-17,2,15-Oct,Quercus kelloggii,17.7,N,D,5,,JMP,
107,GRNDAM,29-Aug-17,2,15-20,Pinaceae,19.5,N,D,2.2,,JMP,
108,GRNDAM,29-Aug-17,2,15-20,Pinaceae,30.6,Y,H,,,JMP,
109,GRNDAM,29-Aug-17,2,20-25,Abies magnifica,75.2,Y,H,,,JMP,
110,GRNDAM,29-Aug-17,2,20-25,Pseudotsuga menziesii,44.8,Y,D,,,JMP,
111,GRNDAM,29-Aug-17,2,20-25,Abies magnifica,57.9,Y,H,,,JMP,
112,GRNDAM,29-Aug-17,2,20-25,Pinaceae,33.5,N,D,1.9,,JMP,
113,GRNDAM,29-Aug-17,2,25-30,Abies magnifica,70.4,Y,H,,,JMP,
114,GRNDAM,29-Aug-17,2,25-30,Pseudotsuga menziesii,22.3,Y,H,,,JMP,
115,GRNDAM,29-Aug-17,2,30-35,Pseudotsuga menziesii,61,Y,H,,,JMP,
116,GRNDAM,29-Aug-17,2,30-35,Pseudotsuga menziesii,49.4,Y,H,,,JMP,
117,GRNDAM,29-Aug-17,2,30-35,Calocedrus decurrens,16.1,Y,D,,,JMP,
118,GRNDAM,29-Aug-17,2,35-40,Pinaceae,19.7,Y,D,,,JMP,
119,GRNDAM,29-Aug-17,2,40-45,Pinaceae,39.2,N,D,5,,JMP,
120,GRNDAM,29-Aug-17,2,45-50,Pinaceae,47,N,D,6,,JMP,
121,GRNDAM,29-Aug-17,2,45-50,Pseudotsuga menziesii,24.9,Y,H,,,JMP,
122,GRNDAM,29-Aug-17,2,45-50,Quercus kelloggii,36.8,Y,H,,,JMP,
123,GRNDAM,29-Aug-17,2,45-50,Calocedrus decurrens,25.3,Y,H,,,JMP,
124,GRNDAM,29-Aug-17,2,40-45,Calocedrus decurrens,22,N,D,3,,JMP,
125,GRNDAM,29-Aug-17,2,40-45,Pinaceae,16.4,N,D,4,,JMP,
126,GRNDAM,29-Aug-17,2,40-45,Calocedrus decurrens,15.1,Y,D,,,JMP,
127,GRNDAM,29-Aug-17,2,40-45,Calocedrus decurrens,16.3,Y,H,,,JMP,
128,GRNDAM,29-Aug-17,2,35-40,Pinus lambertiana,84.5,Y,H,,,JMP,
129,GRNDAM,29-Aug-17,2,30-35,Pinus lambertiana,62.5,Y,H,,,JMP,
130,GRNDAM,29-Aug-17,2,30-35,Abies concolor,30.4,Y,H,,,JMP,
131,GRNDAM,29-Aug-17,2,25-30,Pseudotsuga menziesii,56.6,Y,H,,,JMP,
132,GRNDAM,29-Aug-17,2,25-30,Pseudotsuga menziesii,72.5,Y,H,,,JMP,
133,GRNDAM,29-Aug-17,2,25-30,Abies concolor,33.2,Y,H,,,JMP,
134,GRNDAM,29-Aug-17,2,20-25,Pseudotsuga menziesii,59.5,Y,H,,,JMP,
135,GRNDAM,29-Aug-17,2,20-25,Pseudotsuga menziesii,20.3,Y,H,,,JMP,
136,GRNDAM,29-Aug-17,2,15-Oct,Calocedrus decurrens,18.5,Y,H,,,JMP,
137,GRNDAM,29-Aug-17,2,10-May,Pinaceae,19.9,N,D,6,,JMP,
138,GRNDAM,29-Aug-17,2,10-May,Pseudotsuga menziesii,60.8,Y,H,,,JMP,
139,GRNHOU,24-Jul-17,1,45-50,Abies concolor,23.5,Y,H,,,JMP,
140,GRNHOU,24-Jul-17,1,45-50,Abies concolor,15,Y,UH,,,JMP,
141,GRNHOU,24-Jul-17,1,45-50,Calocedrus decurrens,28.1,Y,H,,,JMP,
142,GRNHOU,24-Jul-17,1,45-50,Abies concolor,31.5,Y,H,,,JMP,
143,GRNHOU,24-Jul-17,1,40-45,Abies concolor,20.7,Y,H,,,JMP,
144,GRNHOU,24-Jul-17,1,40-45,Calocedrus decurrens,33.6,Y,H,,,JMP,
145,GRNHOU,24-Jul-17,1,40-45,Calocedrus decurrens,35.2,Y,H,,,JMP,
146,GRNHOU,24-Jul-17,1,35-40,Abies concolor,36.9,Y,H,,,JMP,
147,GRNHOU,24-Jul-17,1,35-40,Quercus kelloggii,35.7,Y,H,,,JMP,
148,GRNHOU,24-Jul-17,1,35-40,Calocedrus decurrens,28.8,Y,H,,,JMP,
149,GRNHOU,24-Jul-17,1,35-40,Calocedrus decurrens,38.8,Y,H,,,JMP,
150,GRNHOU,24-Jul-17,1,30-35,Calocedrus decurrens,30.2,Y,H,,,JMP,
151,GRNHOU,24-Jul-17,1,30-35,Abies concolor,50.4,Y,H,,,JMP,
152,GRNHOU,24-Jul-17,1,30-35,Calocedrus decurrens,30.2,Y,H,,,JMP,
153,GRNHOU,24-Jul-17,1,25-30,Calocedrus decurrens,43.7,Y,H,,,JMP,
154,GRNHOU,24-Jul-17,1,25-30,Calocedrus decurrens,31.3,Y,H,,,JMP,
155,GRNHOU,24-Jul-17,1,25-30,Abies concolor,39,N,D,2.8,,JMP,
156,GRNHOU,24-Jul-17,1,25-30,Calocedrus decurrens,15.8,Y,D,,,JMP,
157,GRNHOU,24-Jul-17,1,25-30,Calocedrus decurrens,17.4,Y,D,,,JMP,
158,GRNHOU,24-Jul-17,1,20-25,Abies concolor,16,Y,H,,,JMP,
159,GRNHOU,24-Jul-17,1,20-25,Calocedrus decurrens,30.5,Y,H,,,JMP,
160,GRNHOU,24-Jul-17,1,20-25,Abies concolor,40.5,Y,H,,,JMP,
161,GRNHOU,24-Jul-17,1,20-25,Abies concolor,45.5,Y,H,,,JMP,
162,GRNHOU,24-Jul-17,1,20-25,Abies concolor,54.8,Y,H,,,JMP,
163,GRNHOU,24-Jul-17,1,15-20,Pinus ponderosa,139.2,Y,H,,,JMP,
164,GRNHOU,24-Jul-17,1,15-20,Calocedrus decurrens,22.8,Y,H,,,JMP,
165,GRNHOU,24-Jul-17,1,15-20,Calocedrus decurrens,31.5,Y,H,,,JMP,
166,GRNHOU,24-Jul-17,1,15-Oct,Abies concolor,24,Y,H,,,JMP,
167,GRNHOU,24-Jul-17,1,15-Oct,Abies concolor,27,Y,H,,,JMP,
168,GRNHOU,24-Jul-17,1,15-Oct,Abies concolor,33.9,Y,H,,,JMP,
169,GRNHOU,24-Jul-17,1,15-Oct,Abies concolor,29.4,Y,H,,,JMP,
170,GRNHOU,24-Jul-17,1,10-May,Abies concolor,41.5,Y,H,,,JMP,
171,GRNHOU,24-Jul-17,1,10-May,Abies concolor,31.7,Y,H,,,JMP,
172,GRNHOU,24-Jul-17,1,0-5,Abies concolor,16.7,Y,H,,,JMP,
173,GRNHOU,24-Jul-17,1,0-5,Abies concolor,35.5,Y,H,,,JMP,
174,GRNHOU,24-Jul-17,1,0-5,Calocedrus decurrens,21.1,Y,H,,,JMP,
175,GRNHOU,24-Jul-17,1,0-5,Abies concolor,20.6,Y,H,,,JMP,
176,GRNHOU,24-Jul-17,1,0-5,Abies concolor,21.9,Y,H,,,JMP,
177,GRNHOU,24-Jul-17,1,0-5,Quercus kelloggii,38,Y,H,,SAME TREE AT 60,JMP,
178,GRNHOU,24-Jul-17,1,0-5,Quercus kelloggii,22.3,Y,D,,SAME TREE AT 60,JMP,
179,GRNHOU,24-Jul-17,1,0-5,Abies concolor,19.3,Y,H,,,JMP,
180,GRNHOU,24-Jul-17,1,10-May,Abies concolor,23.8,Y,H,,,JMP,
181,GRNHOU,24-Jul-17,1,10-May,Abies concolor,33,Y,H,,,JMP,
182,GRNHOU,24-Jul-17,1,15-Oct,Pinus ponderosa,163.9,Y,H,,,JMP,
183,GRNHOU,24-Jul-17,1,15-Oct,Abies concolor,20.9,N,D,1.85,,JMP,
184,GRNHOU,24-Jul-17,1,15-Oct,Abies concolor,26,Y,H,,,JMP,
185,GRNHOU,24-Jul-17,1,15-Oct,Abies concolor,29.3,Y,H,,,JMP,
186,GRNHOU,24-Jul-17,1,15-20,Pinus ponderosa,115,Y,H,,,JMP,
187,GRNHOU,24-Jul-17,1,15-20,Abies concolor,20.7,Y,H,,,JMP,
188,GRNHOU,24-Jul-17,1,15-20,Abies concolor,20.2,Y,H,,,JMP,
189,GRNHOU,24-Jul-17,1,15-20,Abies concolor,18.3,Y,H,,,JMP,
190,GRNHOU,24-Jul-17,1,15-20,Abies concolor,25.5,Y,H,,,JMP,
191,GRNHOU,24-Jul-17,1,20-25,Abies concolor,29.3,Y,H,,,JMP,
192,GRNHOU,24-Jul-17,1,20-25,Abies concolor,18.6,Y,H,,,JMP,
193,GRNHOU,24-Jul-17,1,20-25,Abies concolor,34.7,Y,D,,,JMP,
194,GRNHOU,24-Jul-17,1,20-25,Abies concolor,19.1,Y,H,,,JMP,
195,GRNHOU,24-Jul-17,1,25-30,Calocedrus decurrens,15.7,Y,D,,,JMP,
196,GRNHOU,24-Jul-17,1,25-30,Calocedrus decurrens,40.8,Y,H,,,JMP,
197,GRNHOU,24-Jul-17,1,30-35,Calocedrus decurrens,20.1,Y,H,,,JMP,
198,GRNHOU,24-Jul-17,1,35-40,Abies concolor,60.3,N,D,8,,JMP,
199,GRNHOU,24-Jul-17,1,35-40,Abies concolor,15.2,Y,H,,,JMP,
200,GRNHOU,24-Jul-17,1,35-40,Quercus kelloggii,20.9,Y,D,,,JMP,
201,GRNHOU,24-Jul-17,1,35-40,Quercus kelloggii,22.8,Y,H,,,JMP,
202,GRNHOU,24-Jul-17,1,35-40,Calocedrus decurrens,27.6,Y,H,,,JMP,
203,GRNHOU,24-Jul-17,1,35-40,Calocedrus decurrens,26.5,Y,H,,,JMP,
204,GRNHOU,24-Jul-17,1,40-45,Calocedrus decurrens,36.3,Y,H,,,JMP,
205,GRNHOU,24-Jul-17,1,40-45,Abies concolor,33.8,Y,H,,,JMP,
206,GRNHOU,24-Jul-17,1,40-45,Abies concolor,17.2,N,D,3,,JMP,
207,GRNHOU,24-Jul-17,1,45-50,Abies concolor,21.3,Y,H,,,JMP,
208,GRNHOU,24-Jul-17,1,45-50,Pinus ponderosa,190.2,Y,H,,,JMP,
209,GRNHOU,24-Jul-17,1,45-50,Abies concolor,18.2,Y,D,,,JMP,
210,GRNHOU,24-Jul-17,1,45-50,Abies concolor,22,Y,H,,,JMP,
211,GRNHOU,24-Jul-17,1,45-50,Abies concolor,31,Y,H,,,JMP,
212,GRNHOU,25-Jul-17,2,45-50,Abies magnifica,17,Y,H,,,JMP,
213,GRNHOU,25-Jul-17,2,45-50,Abies concolor,50.3,Y,D,,,JMP,
214,GRNHOU,25-Jul-17,2,45-50,Abies concolor,16,Y,H,,,JMP,
215,GRNHOU,25-Jul-17,2,40-45,Abies concolor,20.3,Y,H,,,JMP,
216,GRNHOU,25-Jul-17,2,40-45,Abies concolor,21.2,Y,H,,,JMP,
217,GRNHOU,25-Jul-17,2,30-35,Abies concolor,34.1,Y,D,,,JMP,
218,GRNHOU,25-Jul-17,2,30-35,Abies concolor,27.5,Y,D,,,JMP,
219,GRNHOU,25-Jul-17,2,30-35,Pinus ponderosa,37,Y,H,,,JMP,
220,GRNHOU,25-Jul-17,2,30-35,Calocedrus decurrens,105.7,Y,H,,,JMP,
221,GRNHOU,25-Jul-17,2,15-20,Calocedrus decurrens,74.8,Y,H,,,JMP,
222,GRNHOU,25-Jul-17,2,10-May,Calocedrus decurrens,81.3,Y,H,,,JMP,
223,GRNHOU,25-Jul-17,2,10-May,Abies concolor,18.5,N,D,1.6,,JMP,
224,GRNHOU,25-Jul-17,2,0-5,Quercus kelloggii,29.4,Y,H,,,JMP,
225,GRNHOU,25-Jul-17,2,0-5,Abies concolor,19,Y,D,,,JMP,
226,GRNHOU,25-Jul-17,2,0-5,Quercus kelloggii,42.6,Y,H,,,JMP,
227,GRNHOU,25-Jul-17,2,10-May,Calocedrus decurrens,82.7,Y,H,,,JMP,
228,GRNHOU,25-Jul-17,2,10-May,Abies concolor,16,Y,H,,,JMP,
229,GRNHOU,25-Jul-17,2,15-Oct,Calocedrus decurrens,78.7,Y,H,,,JMP,
230,GRNHOU,25-Jul-17,2,15-Oct,Calocedrus decurrens,70.2,Y,UH,,,JMP,
231,GRNHOU,25-Jul-17,2,15-20,Abies concolor,22.5,Y,H,,,JMP,
232,GRNHOU,25-Jul-17,2,20-25,Abies concolor,19.1,N,D,3,,JMP,
233,GRNHOU,25-Jul-17,2,20-25,Abies concolor,29.6,N,D,5,,JMP,
234,GRNHOU,25-Jul-17,2,20-25,Abies concolor,29.7,N,D,5.5,,JMP,
235,GRNHOU,25-Jul-17,2,20-25,Abies concolor,30.3,Y,UH,,,JMP,
236,GRNHOU,25-Jul-17,2,20-25,Abies concolor,37.4,N,D,2.7,,JMP,
237,GRNHOU,25-Jul-17,2,25-30,Abies concolor,31,Y,D,,,JMP,
238,GRNHOU,25-Jul-17,2,25-30,Calocedrus decurrens,30.5,Y,H,,,JMP,
239,GRNHOU,25-Jul-17,2,35-40,Calocedrus decurrens,24.8,Y,H,,,JMP,
240,GRNHOU,25-Jul-17,2,35-40,Calocedrus decurrens,25.9,Y,H,,,JMP,
241,GRNHOU,25-Jul-17,2,40-45,Abies concolor,20.2,Y,H,,,JMP,
242,GRNHOU,25-Jul-17,2,45-50,Abies concolor,19.6,Y,H,,,JMP,
243,GRNHOU,25-Jul-17,2,45-50,Abies concolor,17.8,Y,H,,,JMP,
244,GRNKAN,31-Jul-17,1,0-5,Pinus sp.,32.5,Y,H,,,JMP,
245,GRNKAN,31-Jul-17,1,0-5,Abies concolor,42.9,Y,H,,,JMP,
246,GRNKAN,31-Jul-17,1,10-May,Abies concolor,49.9,Y,H,,,JMP,
247,GRNKAN,31-Jul-17,1,15-20,Abies concolor,15,Y,H,,,JMP,
248,GRNKAN,31-Jul-17,1,15-20,Abies concolor,18.1,Y,H,,,JMP,
249,GRNKAN,31-Jul-17,1,15-20,Abies concolor,34.5,Y,H,,,JMP,
250,GRNKAN,31-Jul-17,1,20-25,Abies concolor,60.4,Y,H,,,JMP,
251,GRNKAN,31-Jul-17,1,20-25,Abies concolor,77.4,Y,H,,,JMP,
252,GRNKAN,31-Jul-17,1,25-30,Pinus sp.,44.2,Y,H,,,JMP,
253,GRNKAN,31-Jul-17,1,25-30,Abies concolor,68,Y,H,,,JMP,
254,GRNKAN,31-Jul-17,1,25-30,Abies concolor,49.5,Y,H,,,JMP,
255,GRNKAN,31-Jul-17,1,30-35,Abies concolor,89.3,Y,H,,,JMP,
256,GRNKAN,31-Jul-17,1,45-50,Pinus sp.,30.5,Y,H,,,JMP,
257,GRNKAN,31-Jul-17,1,45-50,Pinus sp.,42.7,Y,H,,,JMP,
258,GRNKAN,31-Jul-17,1,40-45,Pinus sp.,28.3,Y,H,,,JMP,
259,GRNKAN,31-Jul-17,1,30-35,Pinus sp.,24.3,Y,H,,,JMP,
260,GRNKAN,31-Jul-17,1,20-25,Pinus sp.,22.4,Y,H,,,JMP,
261,GRNKAN,31-Jul-17,1,15-20,Pinus sp.,52.9,Y,H,,,JMP,
262,GRNKAN,31-Jul-17,1,15-Oct,Abies concolor,22.7,Y,H,,,JMP,
263,GRNKAN,31-Jul-17,1,10-May,Pinus sp.,18.18,Y,H,,,JMP,
264,GRNKAN,31-Jul-17,1,0-5,Abies concolor,55.2,Y,H,,,JMP,
265,GRNKAN,31-Jul-17,1,0-5,Pinus sp.,21.8,Y,H,,,JMP,
266,GRNKAN,31-Jul-17,2,0-5,Pinus sp.,54.3,Y,H,,,JMP,
267,GRNKAN,31-Jul-17,2,10-May,Pinus sp.,36.5,Y,H,,,JMP,
268,GRNKAN,31-Jul-17,2,15-20,Abies concolor,37.5,Y,H,,,JMP,
269,GRNKAN,31-Jul-17,2,20-25,Abies concolor,32.4,Y,H,,,JMP,
270,GRNKAN,31-Jul-17,2,25-30,Pinus sp.,33.3,Y,H,,,JMP,
271,GRNKAN,31-Jul-17,2,35-40,Pinus sp.,35.2,Y,H,,,JMP,
272,GRNKAN,31-Jul-17,2,40-45,Pinus sp.,32.5,Y,H,,,JMP,
273,GRNKAN,31-Jul-17,2,40-45,Abies concolor,25.7,Y,H,,,JMP,
274,GRNKAN,31-Jul-17,2,45-50,Abies concolor,30.9,Y,H,,,JMP,
275,GRNKAN,31-Jul-17,2,45-50,Abies concolor,40,Y,H,,,JMP,
276,GRNKAN,31-Jul-17,2,45-50,Abies concolor,31.8,Y,H,,,JMP,
277,GRNKAN,31-Jul-17,2,45-50,Abies concolor,43.2,Y,H,,,JMP,
278,GRNKAN,31-Jul-17,2,45-50,Pinus sp.,28.4,Y,H,,,JMP,
279,GRNKAN,31-Jul-17,2,45-50,Abies concolor,15.4,Y,H,,,JMP,
280,GRNKAN,31-Jul-17,2,40-45,Pinus sp.,53.3,Y,H,,,JMP,
281,GRNKAN,31-Jul-17,2,40-45,Abies concolor,49.9,Y,H,,,JMP,
282,GRNKAN,31-Jul-17,2,30-35,Abies concolor,34,Y,H,,,JMP,
283,GRNKAN,31-Jul-17,2,25-30,Pinus sp.,38.3,Y,H,,,JMP,
284,GRNKAN,31-Jul-17,2,20-25,Pinus sp.,49.1,Y,H,,,JMP,
285,GRNKAN,31-Jul-17,2,20-25,Pinus sp.,43.3,Y,H,,,JMP,
286,GRNKAN,31-Jul-17,2,15-Oct,Abies concolor,35.4,Y,H,,,JMP,
287,GRNKAN,31-Jul-17,2,10-May,Abies concolor,34.3,Y,H,,,JMP,
288,GRNKAN,31-Jul-17,2,0-5,Abies concolor,38,Y,H,,,JMP,
289,GRNMAS,15-Aug-17,1,0-5,Pinus ponderosa,40.5,Y,H,,,JMP,
290,GRNMAS,15-Aug-17,1,0-5,Pinus jeffreyi,24.1,Y,H,,,JMP,
291,GRNMAS,15-Aug-17,1,0-5,Pinus jeffreyi,30,Y,H,,,JMP,
292,GRNMAS,15-Aug-17,1,10-May,Pinus jeffreyi,35.7,Y,H,,,JMP,
293,GRNMAS,15-Aug-17,1,10-May,Pinus ponderosa,47.5,Y,H,,,JMP,
294,GRNMAS,15-Aug-17,1,10-May,Pinus ponderosa,46.4,Y,H,,,JMP,
295,GRNMAS,15-Aug-17,1,25-30,Pinus ponderosa,18.8,Y,H,,,JMP,
296,GRNMAS,15-Aug-17,1,25-30,Pinus jeffreyi,18.4,Y,H,,,JMP,
297,GRNMAS,15-Aug-17,1,25-30,Pinus jeffreyi,17.5,Y,H,,,JMP,
298,GRNMAS,15-Aug-17,1,25-30,Abies magnifica,26,Y,H,,,JMP,
299,GRNMAS,15-Aug-17,1,25-30,Abies magnifica,48.9,Y,H,,,JMP,
300,GRNMAS,15-Aug-17,1,25-30,Calocedrus decurrens,15.1,Y,H,,,JMP,
301,GRNMAS,15-Aug-17,1,25-30,Abies magnifica,38.2,Y,H,,,JMP,
302,GRNMAS,15-Aug-17,1,25-30,Abies concolor,44.1,Y,H,,,JMP,
303,GRNMAS,15-Aug-17,1,25-30,Pinus jeffreyi,26.8,Y,H,,,JMP,
304,GRNMAS,15-Aug-17,1,25-30,Pinus jeffreyi,22.4,Y,H,,,JMP,
305,GRNMAS,15-Aug-17,1,30-35,Pinus jeffreyi,17.7,Y,H,,,JMP,
306,GRNMAS,15-Aug-17,1,30-35,Abies concolor,24.9,Y,H,,,JMP,
307,GRNMAS,15-Aug-17,1,30-35,Abies concolor,18.3,Y,H,,,JMP,
308,GRNMAS,15-Aug-17,1,30-35,Calocedrus decurrens,19.1,Y,H,,,JMP,
309,GRNMAS,15-Aug-17,1,30-35,Abies concolor,27.3,Y,H,,,JMP,
310,GRNMAS,15-Aug-17,1,35-40,Pinus jeffreyi,28.9,Y,H,,,JMP,
311,GRNMAS,15-Aug-17,1,40-45,Pinus ponderosa,16.1,Y,H,,,JMP,
312,GRNMAS,15-Aug-17,1,40-45,Pinus jeffreyi,33.5,Y,H,,,JMP,
313,GRNMAS,15-Aug-17,1,45-50,Pinus jeffreyi,30.6,Y,H,,,JMP,
314,GRNMAS,15-Aug-17,1,45-50,Pinus jeffreyi,27.7,Y,H,,,JMP,
315,GRNMAS,15-Aug-17,1,45-50,Pinus jeffreyi,34,Y,H,,,JMP,
316,GRNMAS,15-Aug-17,1,45-50,Pinus jeffreyi,34.7,Y,H,,,JMP,
317,GRNMAS,15-Aug-17,1,40-45,Calocedrus decurrens,17,Y,H,,,JMP,
318,GRNMAS,15-Aug-17,1,40-45,Pinus jeffreyi,27.4,Y,H,,,JMP,
319,GRNMAS,15-Aug-17,1,35-40,Pinus jeffreyi,15.1,Y,H,,,JMP,
320,GRNMAS,15-Aug-17,1,35-40,Pinus jeffreyi,22.2,Y,H,,,JMP,
321,GRNMAS,15-Aug-17,1,35-40,Pinus jeffreyi,17.8,Y,H,,,JMP,
322,GRNMAS,15-Aug-17,1,30-35,Pinus jeffreyi,16,Y,H,,,JMP,
323,GRNMAS,15-Aug-17,1,30-35,Pinus jeffreyi,15.8,Y,H,,,JMP,
324,GRNMAS,15-Aug-17,1,30-35,Pinus ponderosa,18.9,Y,H,,,JMP,
325,GRNMAS,15-Aug-17,1,30-35,Pinus jeffreyi,33.4,Y,H,,,JMP,
326,GRNMAS,15-Aug-17,1,30-35,Calocedrus decurrens,32.2,Y,H,,,JMP,
327,GRNMAS,15-Aug-17,1,30-35,Pinus ponderosa,38.3,Y,H,,,JMP,
328,GRNMAS,15-Aug-17,1,25-30,Pinus jeffreyi,23.5,Y,H,,,JMP,
329,GRNMAS,15-Aug-17,1,25-30,Abies magnifica,30.8,Y,H,,,JMP,
330,GRNMAS,15-Aug-17,1,25-30,Abies magnifica,34.9,Y,H,,,JMP,
331,GRNMAS,15-Aug-17,1,25-30,Abies magnifica,41,Y,H,,,JMP,
332,GRNMAS,15-Aug-17,1,25-30,Abies concolor,45.9,Y,H,,,JMP,
333,GRNMAS,15-Aug-17,1,25-30,Abies magnifica,44.6,Y,H,,,JMP,
334,GRNMAS,15-Aug-17,1,25-30,Calocedrus decurrens,38.6,Y,H,,,JMP,
335,GRNMAS,15-Aug-17,1,25-30,Abies magnifica,33,Y,H,,,JMP,
336,GRNMAS,15-Aug-17,1,15-20,Calocedrus decurrens,24.5,Y,H,,,JMP,
337,GRNMAS,15-Aug-17,1,15-20,Pinus ponderosa,32,Y,H,,,JMP,
338,GRNMAS,15-Aug-17,1,15-Oct,Pinus jeffreyi,22.3,Y,H,,,JMP,
339,GRNMAS,15-Aug-17,1,15-Oct,Pinus jeffreyi,21.4,Y,H,,,JMP,
340,GRNMAS,15-Aug-17,1,15-Oct,Pinus jeffreyi,31.2,Y,H,,,JMP,
341,GRNMAS,15-Aug-17,1,10-May,Pinus jeffreyi,27.8,Y,H,,,JMP,
342,GRNMAS,15-Aug-17,1,10-May,Pinus jeffreyi,31.9,Y,H,,,JMP,
343,GRNMAS,15-Aug-17,2,15-Oct,UNKNOWN,44.6,N,D,10,"NO BRANCHES, ONLY TRUNK, MAYBE AN OAK",JMP,
344,GRNMAS,15-Aug-17,2,20-25,Calocedrus decurrens,86.7,Y,H,,,JMP,
345,GRNMAS,15-Aug-17,2,20-25,Abies concolor,27.3,Y,H,,,JMP,
346,GRNMAS,15-Aug-17,2,30-35,Abies magnifica,29.8,Y,H,,,JMP,
347,GRNMAS,15-Aug-17,2,35-40,Abies sp.,23,Y,D,,,JMP,
348,GRNMAS,15-Aug-17,2,35-40,Pinus ponderosa,22.5,Y,H,,,JMP,
349,GRNMAS,15-Aug-17,2,35-40,Pinus ponderosa,87.7,Y,H,,,JMP,
350,GRNMAS,15-Aug-17,2,35-40,Abies concolor,24.4,Y,H,,,JMP,
351,GRNMAS,15-Aug-17,2,40-45,Calocedrus decurrens,19.5,Y,H,,,JMP,
352,GRNMAS,15-Aug-17,2,40-45,Abies sp.,28.4,Y,D,,,JMP,
353,GRNMAS,15-Aug-17,2,40-45,Abies sp.,19.8,Y,H,,,JMP,
354,GRNMAS,15-Aug-17,2,45-50,Calocedrus decurrens,106.8,N,D,18,,JMP,
355,GRNQUA,7-Aug-17,1,0-5,Abies magnifica,68,Y,H,,,JMP,
356,GRNQUA,7-Aug-17,1,0-5,Abies magnifica,28,Y,H,,,JMP,
357,GRNQUA,7-Aug-17,1,10-May,Abies magnifica,16,Y,H,,,JMP,
358,GRNQUA,7-Aug-17,1,10-May,Abies magnifica,22,Y,H,,,JMP,
359,GRNQUA,7-Aug-17,1,10-May,Abies magnifica,40,Y,H,,,JMP,
360,GRNQUA,7-Aug-17,1,15-Oct,Abies magnifica,65,Y,H,,,JMP,
361,GRNQUA,7-Aug-17,1,15-Oct,Abies magnifica,37,Y,H,,,JMP,
362,GRNQUA,7-Aug-17,1,15-20,Abies magnifica,33,Y,H,,,JMP,
363,GRNQUA,7-Aug-17,1,15-20,Abies magnifica,39,Y,H,,,JMP,
364,GRNQUA,7-Aug-17,1,15-20,Abies magnifica,36,Y,H,,,JMP,
365,GRNQUA,7-Aug-17,1,20-25,Abies magnifica,30,Y,H,,,JMP,
366,GRNQUA,7-Aug-17,1,25-30,Abies magnifica,51,Y,H,,,JMP,
367,GRNQUA,7-Aug-17,1,30-35,Abies magnifica,133,Y,H,,,JMP,
368,GRNQUA,7-Aug-17,1,30-35,Abies concolor,15,Y,H,,,JMP,
369,GRNQUA,7-Aug-17,1,15-Oct,Abies magnifica,33,Y,H,,,JMP,
370,GRNQUA,7-Aug-17,1,15-Oct,Abies magnifica,15,Y,H,,,JMP,
371,GRNQUA,7-Aug-17,1,10-May,Abies magnifica,42,Y,H,,,JMP,
372,GRNQUA,7-Aug-17,1,10-May,Abies magnifica,20,Y,H,,,JMP,
373,GRNQUA,7-Aug-17,1,0-5,Abies magnifica,31,Y,H,,,JMP,
374,GRNQUA,7-Aug-17,1,0-5,Abies magnifica,21,Y,H,,,JMP,
375,GRNQUA,7-Aug-17,1,0-5,Abies magnifica,36,Y,H,,,JMP,
376,GRNQUA,7-Aug-17,1,0-5,Abies magnifica,46,Y,H,,,JMP,
377,GRNQUA,7-Aug-17,2,0-5,Abies sp.,42,N,D,2,,JMP,
378,GRNQUA,7-Aug-17,2,0-5,Abies magnifica,69,Y,H,,,JMP,
379,GRNQUA,7-Aug-17,2,0-5,Abies sp.,21,N,D,2,,JMP,
380,GRNQUA,7-Aug-17,2,0-5,Abies magnifica,19,N,H,2.5,,JMP,
381,GRNQUA,7-Aug-17,2,10-May,Abies magnifica,16,Y,H,,,JMP,
382,GRNQUA,7-Aug-17,2,10-May,Abies magnifica,23,Y,H,,,JMP,
383,GRNQUA,7-Aug-17,2,10-May,Abies magnifica,15,N,D,5,,JMP,
384,GRNQUA,7-Aug-17,2,15-Oct,Abies magnifica,40,Y,H,,,JMP,
385,GRNQUA,7-Aug-17,2,15-Oct,Abies magnifica,28,Y,H,,,JMP,
386,GRNQUA,7-Aug-17,2,15-Oct,Abies magnifica,17,Y,H,,,JMP,
387,GRNQUA,7-Aug-17,2,15-20,Abies magnifica,47,Y,H,,,JMP,
388,GRNQUA,7-Aug-17,2,15-20,Abies magnifica,50,Y,H,,,JMP,
389,GRNQUA,7-Aug-17,2,45-50,Abies magnifica,43,Y,H,,,JMP,
390,GRNQUA,7-Aug-17,2,40-45,Abies magnifica,20,N,D,2,,JMP,
391,GRNQUA,7-Aug-17,2,40-45,Abies magnifica,16,N,D,2,,JMP,
392,GRNQUA,7-Aug-17,2,25-30,Abies magnifica,35,Y,H,,,JMP,
393,GRNQUA,7-Aug-17,2,25-30,Abies magnifica,33,Y,H,,,JMP,
394,GRNQUA,7-Aug-17,2,25-30,Abies magnifica,18,N,D,3,,JMP,
395,GRNQUA,7-Aug-17,2,25-30,Abies magnifica,23,Y,H,,,JMP,
396,GRNQUA,7-Aug-17,2,25-30,Abies magnifica,19,Y,H,,,JMP,
397,GRNQUA,7-Aug-17,2,20-25,Abies magnifica,37,Y,H,,,JMP,
398,GRNQUA,7-Aug-17,2,20-25,Abies magnifica,59,Y,H,,,JMP,
399,GRNQUA,7-Aug-17,2,15-20,Abies magnifica,54,Y,H,,,JMP,
400,GRNQUA,7-Aug-17,2,15-20,Abies magnifica,48,Y,H,,,JMP,
401,GRNQUA,7-Aug-17,2,15-Oct,Abies magnifica,22,Y,H,,,JMP,
402,GRNQUA,7-Aug-17,2,15-Oct,Abies magnifica,22,Y,H,,,JMP,
403,GRNQUA,7-Aug-17,2,15-Oct,Abies sp.,30,N,D,7,,JMP,
404,GRNQUA,7-Aug-17,2,15-Oct,Abies sp.,24,N,D,3.5,,JMP,
405,GRNQUA,7-Aug-17,2,10-May,Abies sp.,25,N,D,10,,JMP,
406,GRNQUA,7-Aug-17,2,10-May,Abies magnifica,62,Y,H,,,JMP,
407,GRNQUA,7-Aug-17,2,0-5,Abies magnifica,34,N,D,15,,JMP,
408,GRNQUA,7-Aug-17,2,0-5,Abies magnifica,19,N,D,8,BENT,JMP,
409,GRNSNO,17-Jul-17,1,45-50,Abies magnifica,65.5,Y,H,,,JMP,
410,GRNSNO,17-Jul-17,1,35-40,Abies magnifica,20,Y,H,,,JMP,
411,GRNSNO,17-Jul-17,1,30-35,Abies magnifica,16.5,Y,H,,,JMP,
412,GRNSNO,17-Jul-17,1,30-35,Abies magnifica,17,Y,H,,,JMP,
413,GRNSNO,17-Jul-17,1,25-30,Abies magnifica,39.5,Y,H,,,JMP,
414,GRNSNO,17-Jul-17,1,25-30,Abies concolor,60.7,Y,H,,,JMP,
415,GRNSNO,17-Jul-17,1,20-25,Abies magnifica,58.8,Y,H,,,JMP,
416,GRNSNO,17-Jul-17,1,15-Oct,Abies magnifica,44.4,Y,H,,,JMP,
417,GRNSNO,17-Jul-17,1,15-Oct,Abies magnifica,29.2,Y,H,,,JMP,
418,GRNSNO,17-Jul-17,1,15-Oct,Abies magnifica,42,Y,H,,,JMP,
419,GRNSNO,17-Jul-17,1,15-Oct,Calocedrus decurrens,16,Y,H,,,JMP,
420,GRNSNO,17-Jul-17,1,0-5,Abies magnifica,28.7,Y,H,,,JMP,
421,GRNSNO,18-Jul-17,2,0-5,Abies concolor,19.5,Y,H,,,JMP,
422,GRNSNO,18-Jul-17,2,0-5,Abies concolor,37,Y,H,,,JMP,
423,GRNSNO,18-Jul-17,2,0-5,Abies concolor,45.4,Y,H,,,JMP,
424,GRNSNO,18-Jul-17,2,10-May,Abies concolor,33.5,Y,H,,,JMP,
425,GRNSNO,18-Jul-17,2,10-May,Abies concolor,33.7,Y,H,,,JMP,
426,GRNSNO,18-Jul-17,2,10-May,Abies magnifica,78,Y,H,,,JMP,
427,GRNSNO,18-Jul-17,2,15-Oct,Abies concolor,32.5,Y,H,,,JMP,
428,GRNSNO,18-Jul-17,2,15-Oct,Abies concolor,47.5,Y,H,,,JMP,
429,GRNSNO,18-Jul-17,2,15-Oct,Abies concolor,17.5,Y,H,,,JMP,
430,GRNSNO,18-Jul-17,2,15-Oct,Abies concolor,51.5,Y,H,,,JMP,
431,GRNSNO,18-Jul-17,2,15-20,Abies concolor,31.7,Y,H,,,JMP,
432,GRNSNO,18-Jul-17,2,15-20,Abies concolor,19,Y,H,,,JMP,
433,GRNSNO,18-Jul-17,2,15-20,Abies concolor,38.7,Y,H,,,JMP,
434,GRNSNO,18-Jul-17,2,15-20,Abies concolor,30.5,Y,H,,,JMP,
435,GRNSNO,18-Jul-17,2,15-20,Abies concolor,15.7,Y,H,,,JMP,
436,GRNSNO,18-Jul-17,2,15-20,Abies concolor,71.8,Y,H,,,JMP,
437,GRNSNO,18-Jul-17,2,15-20,Abies concolor,35.9,Y,H,,,JMP,
438,GRNSNO,18-Jul-17,2,20-25,Abies concolor,36.5,Y,H,,,JMP,
439,GRNSNO,18-Jul-17,2,20-25,Abies concolor,38.6,Y,H,,,JMP,
440,GRNSNO,18-Jul-17,2,20-25,Abies concolor,52.3,Y,H,,,JMP,
441,GRNSNO,18-Jul-17,2,35-40,Abies concolor,31.5,Y,H,,,JMP,
442,GRNSNO,18-Jul-17,2,40-45,Abies magnifica,58.7,Y,H,,,JMP,
443,GRNSNO,18-Jul-17,2,40-45,Abies magnifica,64.6,Y,H,,,JMP,
444,GRNSNO,18-Jul-17,2,40-45,Abies concolor,23.6,Y,H,,,JMP,
445,GRNSNO,18-Jul-17,2,40-45,Abies concolor,18,Y,H,,,JMP,
446,GRNSNO,18-Jul-17,2,40-45,Abies concolor,45.9,Y,H,,,JMP,
447,GRNSNO,18-Jul-17,2,45-50,Abies magnifica,49.5,Y,H,,,JMP,
448,GRNSNO,18-Jul-17,2,45-50,Abies concolor,45.6,Y,H,,,JMP,
449,GRNSNO,18-Jul-17,2,45-50,Abies concolor,73.4,Y,H,,,JMP,
450,GRNTUR,10-Jul-17,1,15-Oct,Tsuga mertensiana,45.7,Y,H,,,JMP,
451,GRNTUR,10-Jul-17,1,15-20,Tsuga mertensiana,28.5,Y,H,,,JMP,
452,GRNTUR,10-Jul-17,1,20-25,Tsuga mertensiana,17,Y,D,,,JMP,
453,GRNTUR,10-Jul-17,1,25-30,Abies magnifica,21.2,Y,H,,,JMP,
454,GRNTUR,10-Jul-17,1,25-30,Abies magnifica,18.3,Y,H,,,JMP,
455,GRNTUR,10-Jul-17,1,30-35,Tsuga mertensiana,58.8,Y,H,,,JMP,
456,GRNTUR,10-Jul-17,1,35-40,Tsuga mertensiana,69.9,Y,H,,,JMP,
457,GRNTUR,10-Jul-17,1,10-May,Abies magnifica,32.3,Y,H,,,JMP,
458,GRNTUR,10-Jul-17,1,10-May,Abies magnifica,22.3,Y,H,,,JMP,
459,GRNTUR,10-Jul-17,1,10-May,Abies magnifica,29.7,Y,H,,,JMP,
460,GRNTUR,10-Jul-17,1,10-May,Abies magnifica,50.3,Y,D,,,JMP,
461,GRNTUR,10-Jul-17,1,10-May,Abies magnifica,41.9,Y,D,,,JMP,
462,GRNTUR,10-Jul-17,1,10-May,Tsuga mertensiana,41.5,Y,H,,,JMP,
463,GRNTUR,10-Jul-17,1,15-Oct,Tsuga mertensiana,15.5,Y,H,,,JMP,
464,GRNTUR,10-Jul-17,1,20-25,Tsuga mertensiana,23.7,Y,H,,,JMP,
465,GRNTUR,10-Jul-17,1,25-30,Abies magnifica,24.4,Y,H,,,JMP,
466,GRNTUR,10-Jul-17,1,25-30,Tsuga mertensiana,67,Y,H,,,JMP,
467,GRNTUR,10-Jul-17,1,35-40,Tsuga mertensiana,35.4,Y,H,,,JMP,
468,GRNTUR,10-Jul-17,1,40-45,Abies magnifica,18.3,Y,H,,,JMP,
469,GRNTUR,10-Jul-17,1,45-50,Tsuga mertensiana,105.4,Y,H,,,JMP,
470,GRNTUR,10-Jul-17,1,45-50,Abies magnifica,19.9,Y,H,,,JMP,
471,GRNTUR,10-Jul-17,2,40-45,Tsuga mertensiana,72,Y,H,,,JMP,
472,GRNTUR,10-Jul-17,2,40-45,Tsuga mertensiana,18,Y,H,,,JMP,
473,GRNTUR,10-Jul-17,2,40-45,Tsuga mertensiana,72,Y,H,,,JMP,
474,GRNTUR,10-Jul-17,2,30-35,Abies magnifica,52,Y,D,,,JMP,
475,GRNTUR,10-Jul-17,2,25-30,UNKNOWN,62,N,D,30,"DEAD, UNIDENTIFIABLE, BURNED, DBH INACCURATE BECAUSE GETS BIGGER THE HIGHER YOU GO",JMP,
476,GRNTUR,10-Jul-17,2,25-30,Abies magnifica,23,Y,H,,,JMP,
477,GRNTUR,10-Jul-17,2,25-30,Abies magnifica,17.8,Y,H,,,JMP,
478,GRNTUR,10-Jul-17,2,25-30,Abies magnifica,23,Y,H,,,JMP,
479,GRNTUR,10-Jul-17,2,25-30,Abies magnifica,24,Y,H,,,JMP,
480,GRNTUR,10-Jul-17,2,25-30,Abies magnifica,39.6,Y,H,,,JMP,
481,GRNTUR,10-Jul-17,2,20-25,Abies magnifica,28.8,Y,H,,,JMP,
482,GRNTUR,10-Jul-17,2,15-20,Abies magnifica,16.5,Y,D,,,JMP,
483,GRNTUR,10-Jul-17,2,15-20,Abies magnifica,24.8,Y,D,,,JMP,
484,GRNTUR,10-Jul-17,2,15-20,Abies magnifica,36.4,Y,D,,,JMP,
485,GRNTUR,10-Jul-17,2,15-20,Abies magnifica,17,Y,D,,,JMP,
486,GRNTUR,10-Jul-17,2,15-20,Tsuga mertensiana,58.6,Y,H,,,JMP,
487,GRNTUR,10-Jul-17,2,15-Oct,Abies magnifica,47.5,Y,H,,,JMP,
488,GRNTUR,10-Jul-17,2,0-5,Abies magnifica,31.9,Y,H,,,JMP,
489,GRNTUR,10-Jul-17,2,0-5,Abies magnifica,38.7,Y,D,,,JMP,
490,GRNTUR,10-Jul-17,2,0-5,Pinus ponderosa,51.6,Y,H,,,JMP,
491,GRNTUR,10-Jul-17,2,25-30,Abies magnifica,36.8,Y,H,,,JMP,
492,GRNTUR,10-Jul-17,2,25-30,Tsuga mertensiana,32.7,Y,H,,,JMP,
493,GRNTUR,10-Jul-17,2,30-35,Pinus ponderosa,40.4,Y,H,,,JMP,
494,GRNTUR,10-Jul-17,2,30-35,UNKNOWN,20.5,N,D,8,Dead snag,JMP,
495,GRNTUR,10-Jul-17,2,30-35,Pinus ponderosa,60,Y,H,,,JMP,
496,GRNTUR,10-Jul-17,2,30-35,Abies magnifica,26.6,Y,H,,,JMP,
497,GRNTUR,10-Jul-17,2,35-40,Abies magnifica,36,Y,H,,,JMP,
498,GRNTUR,10-Jul-17,2,35-40,Pinus ponderosa,70.6,Y,H,,,JMP,
499,GRNTUR,10-Jul-17,2,35-40,Pinus ponderosa,21,Y,H,,,JMP,
500,GRNTUR,10-Jul-17,2,40-45,Abies magnifica,15.8,Y,H,,,JMP,
501,GRNTUR,10-Jul-17,2,40-45,Abies magnifica,39.8,Y,D,,,JMP,
502,GRNTUR,10-Jul-17,2,40-45,Tsuga mertensiana,20.6,Y,UH,,,JMP,
503,GRNTUR,10-Jul-17,2,40-45,Pinus ponderosa,34.5,Y,H,,,JMP,
504,GRNWOO,3-Jul-17,1,45-50,Abies concolor,68,Y,D,,,JMP,
505,GRNWOO,3-Jul-17,1,40-45,Calocedrus decurrens,32,Y,UH,,,JMP,
506,GRNWOO,3-Jul-17,1,40-45,Abies concolor,51,Y,D,,,JMP,
507,GRNWOO,3-Jul-17,1,35-40,Calocedrus decurrens,21,Y,UH,,,JMP,
508,GRNWOO,3-Jul-17,1,35-40,Abies sp.,20,Y,D,,red fir?,JMP,
509,GRNWOO,3-Jul-17,1,35-40,Calocedrus decurrens,20,Y,UH,,,JMP,
510,GRNWOO,3-Jul-17,1,30-35,Quercus kelloggii,42,Y,H,,,JMP,
511,GRNWOO,3-Jul-17,1,25-30,Calocedrus decurrens,29,Y,D,,,JMP,
512,GRNWOO,3-Jul-17,1,25-30,Calocedrus decurrens,16,Y,UH,,,JMP,
513,GRNWOO,3-Jul-17,1,20-25,Abies concolor,15,Y,UH,,,JMP,
514,GRNWOO,3-Jul-17,1,20-25,Calocedrus decurrens,33,N,D,6,,JMP,
515,GRNWOO,3-Jul-17,1,15-20,Abies concolor,25,Y,D,,,JMP,
516,GRNWOO,3-Jul-17,1,10-May,Pinus jeffreyi,23,Y,H,,,JMP,
517,GRNWOO,3-Jul-17,1,10-May,Calocedrus decurrens,33,Y,H,,,JMP,
518,GRNWOO,3-Jul-17,1,15-Oct,Abies concolor,61,Y,D,,,JMP,
519,GRNWOO,3-Jul-17,1,15-20,Abies concolor,48,Y,UH,,,JMP,
520,GRNWOO,3-Jul-17,1,15-20,Abies concolor,24,Y,D,,,JMP,
521,GRNWOO,3-Jul-17,1,20-25,Abies concolor,21,N,D,12,,JMP,
522,GRNWOO,3-Jul-17,1,25-30,Calocedrus decurrens,37,Y,H,,,JMP,
523,GRNWOO,3-Jul-17,2,0-5,Pseudotsuga menziesii,58,Y,H,,,JMP,
524,GRNWOO,3-Jul-17,2,15-Oct,Calocedrus decurrens,41,N,UH,11,,JMP,
525,GRNWOO,3-Jul-17,2,15-Oct,Pseudotsuga menziesii,68,Y,H,,,JMP,
526,GRNWOO,3-Jul-17,2,20-25,Abies concolor,36,Y,D,,,JMP,
527,GRNWOO,3-Jul-17,2,20-25,Abies concolor,17,N,D,5,,JMP,
528,GRNWOO,3-Jul-17,2,20-25,Pseudotsuga menziesii,45,Y,H,,,JMP,
529,GRNWOO,3-Jul-17,2,15-20,Abies concolor,92,Y,H,,,JMP,
530,GRNWOO,3-Jul-17,2,30-35,Pinus ponderosa,50,Y,H,,,JMP,
531,GRNWOO,3-Jul-17,2,30-35,Abies concolor,58,Y,H,,,JMP,
532,GRNWOO,3-Jul-17,2,30-35,Abies concolor,57,Y,H,,,JMP,
533,GRNWOO,3-Jul-17,2,35-40,UNKNOWN,35,N,D,14,too decayed,JMP,
534,GRNWOO,3-Jul-17,2,40-45,Abies concolor,65,Y,H,,,JMP,
535,GRNWOO,3-Jul-17,2,45-50,Pinus ponderosa,29,N,UH,13,,JMP,
536,GRNWOO,3-Jul-17,2,40-45,Pinus ponderosa,67,Y,H,,,JMP,
537,GRNWOO,3-Jul-17,2,35-40,Pinus ponderosa,42,Y,H,,,JMP,
538,GRNWOO,3-Jul-17,2,30-35,Abies concolor,48,Y,D,,,JMP,
539,GRNWOO,3-Jul-17,2,25-30,Abies concolor,51,Y,D,,,JMP,
540,GRNWOO,3-Jul-17,2,30-35,Pinus ponderosa,46,Y,H,,,JMP,
541,GRNWOO,3-Jul-17,2,20-25,Abies concolor,42,Y,D,,,JMP,
542,GRNWOO,3-Jul-17,2,15-20,Calocedrus decurrens,82,Y,H,,,JMP,
543,HIBADR,28-Aug-17,1,45-50,Pinaceae,161,Y,D,,,JMP,
544,HIBADR,28-Aug-17,1,40-45,Pinaceae,23.1,Y,D,,,JMP,
545,HIBADR,28-Aug-17,1,35-40,Pinaceae,18.6,Y,D,,,JMP,
546,HIBADR,28-Aug-17,1,35-40,Pinaceae,19.3,Y,D,,,JMP,
547,HIBADR,28-Aug-17,1,30-35,Pinaceae,18.6,Y,D,,,JMP,
548,HIBADR,28-Aug-17,1,30-35,Pinaceae,43.9,Y,D,,,JMP,
549,HIBADR,28-Aug-17,1,25-30,Quercus kelloggii,34,N,D,10,,JMP,
550,HIBADR,28-Aug-17,1,20-25,Pinaceae,23.2,Y,D,,,JMP,
551,HIBADR,28-Aug-17,1,20-25,Pinaceae,18.9,Y,D,,,JMP,
552,HIBADR,28-Aug-17,1,20-25,Pinaceae,52,N,D,4,,JMP,
553,HIBADR,28-Aug-17,1,15-Oct,Pinaceae,16.2,Y,D,,,JMP,
554,HIBADR,28-Aug-17,1,0-5,Pinaceae,25.1,Y,D,,,JMP,
555,HIBADR,28-Aug-17,1,0-5,Pinaceae,16.8,Y,D,,,JMP,
556,HIBADR,28-Aug-17,1,10-May,Pinaceae,18.1,N,D,8,,JMP,
557,HIBADR,28-Aug-17,1,15-Oct,Pinaceae,18,Y,D,,,JMP,
558,HIBADR,28-Aug-17,1,15-Oct,Pinaceae,27,Y,D,,,JMP,
559,HIBADR,28-Aug-17,1,15-20,Pinaceae,16,Y,D,,,JMP,
560,HIBADR,28-Aug-17,1,15-20,Pinaceae,18.8,Y,D,,,JMP,
561,HIBADR,28-Aug-17,1,20-25,Pinaceae,15.9,Y,D,,,JMP,
562,HIBADR,28-Aug-17,1,20-25,Pinaceae,20.3,Y,D,,,JMP,
563,HIBADR,28-Aug-17,1,20-25,Pinaceae,15.2,Y,D,,,JMP,
564,HIBADR,28-Aug-17,1,25-30,Pinaceae,25.8,Y,D,,,JMP,
565,HIBADR,28-Aug-17,1,30-35,Pinaceae,28.3,N,D,9,,JMP,
566,HIBADR,28-Aug-17,1,35-40,Pinaceae,39.1,N,D,12,"HOLLOW ON ONE SIDE, RESPROUTING",JMP,
567,HIBADR,30-Aug-17,2,0-5,Pinaceae,19.5,Y,D,,,JMP,
568,HIBADR,30-Aug-17,2,0-5,Pinaceae,15.8,Y,D,,,JMP,
569,HIBADR,30-Aug-17,2,0-5,Pinaceae,20.1,Y,D,,,JMP,
570,HIBADR,30-Aug-17,2,0-5,Quercus kelloggii,69.7,Y,D,,,JMP,
571,HIBADR,30-Aug-17,2,10-May,Pinaceae,20.5,Y,D,,,JMP,
572,HIBADR,30-Aug-17,2,0-5,Pinaceae,15.5,Y,D,,,JMP,
573,HIBADR,30-Aug-17,2,10-May,Pinaceae,23,Y,D,,,JMP,
574,HIBADR,30-Aug-17,2,10-May,Pinaceae,31.1,N,D,6,,JMP,
575,HIBADR,30-Aug-17,2,10-May,Quercus kelloggii,36.9,N,D,3,,JMP,
576,HIBADR,30-Aug-17,2,10-May,Pinaceae,25.4,Y,D,,,JMP,
577,HIBADR,30-Aug-17,2,10-May,Pinaceae,28,Y,D,,,JMP,
578,HIBADR,30-Aug-17,2,10-May,Pinaceae,37,Y,D,,,JMP,
579,HIBADR,30-Aug-17,2,10-May,Pinaceae,18,Y,D,,,JMP,
580,HIBADR,30-Aug-17,2,10-May,Pinaceae,29.8,Y,D,,,JMP,
581,HIBADR,30-Aug-17,2,10-May,Pinaceae,27.7,Y,D,,,JMP,
582,HIBADR,30-Aug-17,2,10-May,Pinaceae,30.5,Y,D,,,JMP,
583,HIBADR,30-Aug-17,2,15-Oct,Quercus kelloggii,49.5,Y,D,,,JMP,
584,HIBADR,30-Aug-17,2,15-20,Quercus kelloggii,42.1,Y,D,,,JMP,
585,HIBADR,30-Aug-17,2,15-20,Quercus kelloggii,26.1,Y,D,,,JMP,
586,HIBADR,30-Aug-17,2,15-20,Pinaceae,21.8,Y,D,,,JMP,
587,HIBADR,30-Aug-17,2,15-20,Quercus kelloggii,28.5,Y,D,,,JMP,
588,HIBADR,30-Aug-17,2,15-20,Quercus kelloggii,42,Y,D,,,JMP,
589,HIBADR,30-Aug-17,2,15-20,Pinaceae,18,Y,D,,,JMP,
590,HIBADR,30-Aug-17,2,15-20,Pinaceae,15.8,Y,D,,,JMP,
591,HIBADR,30-Aug-17,2,15-20,Pinaceae,17.1,Y,D,,,JMP,
592,HIBADR,30-Aug-17,2,15-20,Pinaceae,18,Y,D,,,JMP,
593,HIBADR,30-Aug-17,2,15-20,Pinaceae,25,Y,D,,,JMP,
594,HIBADR,30-Aug-17,2,15-20,Pinaceae,15.9,Y,D,,,JMP,
595,HIBADR,30-Aug-17,2,20-25,Quercus kelloggii,27,N,D,6,,JMP,
596,HIBADR,30-Aug-17,2,20-25,Quercus kelloggii,18.5,N,D,2.5,,JMP,
597,HIBADR,30-Aug-17,2,20-25,Quercus kelloggii,27.5,N,D,4,,JMP,
598,HIBADR,30-Aug-17,2,20-25,Pinaceae,23,Y,D,,,JMP,
599,HIBADR,30-Aug-17,2,15-20,Pinaceae,21.1,Y,D,,,JMP,
600,HIBADR,30-Aug-17,2,15-20,Pinaceae,19.5,Y,D,,,JMP,
601,HIBADR,30-Aug-17,2,20-25,Pinaceae,25.7,Y,D,,,JMP,
602,HIBADR,30-Aug-17,2,20-25,Pinaceae,17.7,Y,D,,,JMP,
603,HIBADR,30-Aug-17,2,20-25,Pinaceae,19.6,Y,D,,,JMP,
604,HIBADR,30-Aug-17,2,20-25,Pinaceae,15,Y,D,,,JMP,
605,HIBADR,30-Aug-17,2,20-25,Pinaceae,33.5,Y,D,,,JMP,
606,HIBADR,30-Aug-17,2,20-25,Pinaceae,25.8,Y,D,,,JMP,
607,HIBADR,30-Aug-17,2,20-25,Pinaceae,18.8,Y,D,,,JMP,
608,HIBADR,30-Aug-17,2,25-30,Pinaceae,26.8,Y,D,,,JMP,
609,HIBADR,30-Aug-17,2,25-30,Pinaceae,19.5,Y,D,,,JMP,
610,HIBADR,30-Aug-17,2,25-30,Pinaceae,21,Y,D,,,JMP,
611,HIBADR,30-Aug-17,2,25-30,Pinaceae,27.9,Y,D,,,JMP,
612,HIBADR,30-Aug-17,2,25-30,Pinaceae,17.4,Y,D,,,JMP,
613,HIBADR,30-Aug-17,2,30-35,Quercus kelloggii,19.9,N,D,8,,JMP,
614,HIBADR,30-Aug-17,2,30-35,Quercus kelloggii,24.2,N,D,12,,JMP,
615,HIBADR,30-Aug-17,2,35-40,Pinaceae,22.2,Y,D,,,JMP,
616,HIBADR,30-Aug-17,2,35-40,Pinaceae,15.5,Y,D,,,JMP,
617,HIBADR,30-Aug-17,2,35-40,Pinaceae,15.5,Y,D,,,JMP,
618,HIBADR,30-Aug-17,2,35-40,Pinaceae,15.3,Y,D,,,JMP,
619,HIBADR,30-Aug-17,2,40-45,Quercus kelloggii,35.5,Y,D,,,JMP,
620,HIBADR,30-Aug-17,2,40-45,Quercus kelloggii,35,Y,D,,,JMP,
621,HIBADR,30-Aug-17,2,40-45,Pinaceae,16.6,Y,D,,,JMP,
622,HIBADR,30-Aug-17,2,40-45,Pinaceae,20.2,Y,D,,,JMP,
623,HIBADR,30-Aug-17,2,40-45,Pinaceae,15.5,Y,D,,,JMP,
624,HIBADR,30-Aug-17,2,40-45,Quercus kelloggii,41.5,Y,D,,,JMP,
625,HIBADR,30-Aug-17,2,40-45,Quercus kelloggii,52,Y,D,,,JMP,
626,HIBADR,30-Aug-17,2,45-50,Pinaceae,19.3,Y,D,,,JMP,
627,HIBADR,30-Aug-17,2,45-50,Quercus kelloggii,26.5,N,D,8,,JMP,
628,HIBADR,30-Aug-17,2,45-50,Quercus kelloggii,28.4,N,D,15,,JMP,
629,HIBADR,30-Aug-17,2,45-50,Quercus kelloggii,30.6,Y,D,,,JMP,
630,HIBADR,30-Aug-17,2,40-45,Pinaceae,18.3,Y,D,,,JMP,
631,HIBADR,30-Aug-17,2,40-45,Quercus kelloggii,30.5,Y,D,,,JMP,
632,HICAMP,26-Jun-17,1,10-May,Pinus jeffreyi,21,Y,D,,,MJH,
633,HICAMP,26-Jun-17,1,15-Oct,Quercus kelloggii,26,Y,D,,,MJH,
634,HICAMP,26-Jun-17,1,15-Oct,Quercus kelloggii,27,Y,D,,,MJH,
635,HICAMP,26-Jun-17,1,15-Oct,Quercus kelloggii,21.5,Y,D,,,MJH,
636,HICAMP,26-Jun-17,1,15-Oct,Quercus kelloggii,21.5,Y,D,,,MJH,
637,HICAMP,26-Jun-17,1,15-Oct,Quercus kelloggii,46,Y,D,,,MJH,
638,HICAMP,26-Jun-17,1,15-20,Quercus kelloggii,26,Y,D,,,MJH,
639,HICAMP,26-Jun-17,1,15-20,Pinus sp.,35,N,D,5,burnt,MJH,
640,HICAMP,26-Jun-17,1,15-20,Quercus kelloggii,45,Y,D,,,MJH,
641,HICAMP,26-Jun-17,1,15-20,Pinus sp.,21,Y,D,,burnt,MJH,
642,HICAMP,26-Jun-17,1,15-20,Pinus jeffreyi,23,Y,D,,,MJH,
643,HICAMP,26-Jun-17,1,20-25,Pinus jeffreyi,19.5,Y,D,,,MJH,
644,HICAMP,26-Jun-17,1,25-30,Quercus kelloggii,16,Y,D,,,MJH,
645,HICAMP,26-Jun-17,1,25-30,Quercus kelloggii,62,N,D,10,,MJH,
646,HICAMP,26-Jun-17,1,25-30,Quercus kelloggii,20.5,Y,D,,,MJH,
647,HICAMP,26-Jun-17,1,25-30,Pinus jeffreyi,20,Y,D,,,MJH,
648,HICAMP,26-Jun-17,1,25-30,Pinus sp.,37.5,Y,D,,,MJH,
649,HICAMP,26-Jun-17,1,30-35,Pinus jeffreyi,55,Y,D,,,MJH,
650,HICAMP,26-Jun-17,1,30-35,Pinus jeffreyi,31,Y,D,,,MJH,
651,HICAMP,26-Jun-17,1,30-35,Quercus kelloggii,40,N,D,9,,MJH,
652,HICAMP,26-Jun-17,1,30-35,Quercus kelloggii,49,N,D,5,,MJH,
653,HICAMP,26-Jun-17,1,30-35,Pinus jeffreyi,56,Y,D,,,MJH,
654,HICAMP,26-Jun-17,1,30-35,Quercus kelloggii,76,N,D,4,,MJH,
655,HICAMP,26-Jun-17,1,30-35,Quercus kelloggii,96,N,D,4,,MJH,
656,HICAMP,26-Jun-17,1,35-40,Pinus jeffreyi,35,Y,D,,,MJH,
657,HICAMP,26-Jun-17,1,35-40,Pinus jeffreyi,23,Y,D,,,MJH,
658,HICAMP,26-Jun-17,1,35-40,Pinus jeffreyi,27,Y,D,,,MJH,
659,HICAMP,26-Jun-17,1,35-40,Quercus kelloggii,80,N,D,7.5,,MJH,
660,HICAMP,26-Jun-17,1,40-45,Quercus kelloggii,40,Y,D,,,MJH,
661,HICAMP,26-Jun-17,1,40-45,Quercus kelloggii,38,Y,D,,,MJH,
662,HICAMP,26-Jun-17,1,40-45,Pinus jeffreyi,19,Y,D,,,MJH,
663,HICAMP,26-Jun-17,1,40-45,Pinus jeffreyi,22,Y,D,,,MJH,
664,HICAMP,26-Jun-17,1,45-50,Pinus jeffreyi,19,Y,D,,,MJH,
665,HICAMP,26-Jun-17,1,45-50,Pinus jeffreyi,16,Y,D,,,MJH,
666,HICAMP,26-Jun-17,1,45-50,Quercus kelloggii,24,N,D,4.5,,MJH,
667,HICAMP,26-Jun-17,1,45-50,Quercus kelloggii,20,Y,D,,,MJH,
668,HICAMP,26-Jun-17,2,15-20,Pinus sp.,17.5,Y,D,Charred,,MJH,
669,HICAMP,26-Jun-17,2,20-25,Pinus sp.,16,Y,D,Charred,,MJH,
670,HICAMP,26-Jun-17,2,20-25,Pinus sp.,23,Y,D,Charred,,MJH,
671,HICAMP,26-Jun-17,2,20-25,Calocedrus decurrens,32.5,Y,D,,,MJH,
672,HICAMP,26-Jun-17,2,40-45,Quercus kelloggii,26,Y,D,,,MJH,
673,HICAMP,26-Jun-17,2,45-50,Quercus kelloggii,29,N,D,3.5,,MJH,
674,HICAMP,26-Jun-17,2,45-50,Quercus kelloggii,18,Y,D,,,MJH,
675,HICAMP,26-Jun-17,2,45-50,UNKNOWN,21,Y,D,,"Charred, unknown (not cedar?)",MJH,
676,HICORN,14-Aug-17,1,10-May,Pinaceae,17.3,Y,D,,,JMP,
677,HICORN,14-Aug-17,1,15-Oct,Pinaceae,55.1,N,D,9,,JMP,
678,HICORN,14-Aug-17,1,15-20,Pinaceae,51.5,Y,D,,,JMP,
679,HICORN,14-Aug-17,1,30-35,Pinaceae,37.3,Y,D,,,JMP,
680,HICORN,14-Aug-17,1,30-35,Pinaceae,54.6,Y,D,,,JMP,
681,HICORN,14-Aug-17,1,30-35,Pinaceae,45.9,N,D,8,,JMP,
682,HICORN,14-Aug-17,1,25-30,Pinaceae,42,Y,D,,,JMP,
683,HICORN,14-Aug-17,1,20-25,Pinaceae,45.5,Y,D,,,JMP,
684,HICORN,14-Aug-17,1,15-20,Pinaceae,39.8,Y,D,,,JMP,
685,HICORN,14-Aug-17,1,10-May,Pinaceae,47.7,Y,D,,,JMP,
686,HICORN,14-Aug-17,1,0-5,Pinaceae,52.6,Y,D,,,JMP,
687,HICORN,14-Aug-17,2,0-5,Pinaceae,51,Y,D,,,JMP,
688,HICORN,14-Aug-17,2,15-Oct,Pinaceae,43,Y,D,,,JMP,
689,HICORN,14-Aug-17,2,20-25,Pinaceae,36.2,Y,D,,,JMP,
690,HICORN,14-Aug-17,2,35-40,Pinaceae,53.9,Y,D,,,JMP,
691,HICORN,14-Aug-17,2,35-40,Pinaceae,47.3,Y,D,,,JMP,
692,HICORN,14-Aug-17,2,40-45,Pinaceae,41.7,Y,D,,,JMP,
693,HICORN,14-Aug-17,2,45-50,Pinaceae,60,Y,D,,,JMP,
694,HICORN,14-Aug-17,2,35-40,Pinaceae,46,Y,D,,,JMP,
695,HICORN,14-Aug-17,2,30-35,Pinaceae,58.6,Y,D,,,JMP,
696,HICORN,14-Aug-17,2,30-35,Pinaceae,46.4,Y,D,,,JMP,
697,HICORN,14-Aug-17,2,15-20,Pinaceae,62.2,Y,D,,,JMP,
698,HICORN,14-Aug-17,2,15-Oct,Pinaceae,51.5,Y,D,,,JMP,
699,HICORN,14-Aug-17,2,0-5,Pinaceae,58.8,Y,D,,,JMP,
700,HICOWS,22-Aug-17,1,0-5,Pinaceae,44.5,Y,D,,,JMP,
701,HICOWS,22-Aug-17,1,15-Oct,Pinaceae,42.1,Y,D,,,JMP,
702,HICOWS,22-Aug-17,1,15-Oct,Pinaceae,21.5,Y,D,,,JMP,
703,HICOWS,22-Aug-17,1,20-25,Pinaceae,29.4,Y,D,,,JMP,
704,HICOWS,22-Aug-17,1,30-35,Pinaceae,18.1,Y,D,,,JMP,
705,HICOWS,22-Aug-17,1,30-35,Pinaceae,31.4,Y,D,,,JMP,
706,HICOWS,22-Aug-17,1,30-35,Pinaceae,18.2,Y,D,,,JMP,
707,HICOWS,22-Aug-17,1,30-35,Quercus kelloggii,40.7,Y,D,,,JMP,
708,HICOWS,22-Aug-17,1,30-35,Pinaceae,30,Y,D,,,JMP,
709,HICOWS,22-Aug-17,1,45-50,Pinaceae,55,Y,D,,,JMP,
710,HICOWS,22-Aug-17,1,45-50,Pinaceae,45.9,Y,D,,,JMP,
711,HICOWS,22-Aug-17,1,45-50,Pinaceae,19.2,Y,D,,,JMP,
712,HICOWS,22-Aug-17,1,45-50,Pinaceae,15.9,Y,D,,,JMP,
713,HICOWS,22-Aug-17,1,35-40,Pinaceae,21.3,Y,D,,,JMP,
714,HICOWS,22-Aug-17,1,35-40,Pinaceae,22.4,Y,D,,,JMP,
715,HICOWS,22-Aug-17,1,30-35,Pinaceae,32.3,Y,D,,,JMP,
716,HICOWS,22-Aug-17,1,30-35,Pinaceae,18.3,Y,D,,,JMP,
717,HICOWS,22-Aug-17,1,20-25,Pinaceae,49.2,Y,D,,,JMP,
718,HICOWS,22-Aug-17,1,20-25,Pinaceae,35.9,Y,D,15,,JMP,
719,HICOWS,22-Aug-17,1,15-20,Pinaceae,26.5,Y,D,,,JMP,
720,HICOWS,22-Aug-17,1,15-Oct,Pinaceae,33,Y,D,,,JMP,
721,HICOWS,22-Aug-17,1,15-Oct,Pinaceae,33.2,Y,D,,,JMP,
722,HICOWS,22-Aug-17,1,0-5,Pinaceae,37.5,Y,D,,,JMP,
723,HICOWS,22-Aug-17,1,0-5,Pinaceae,40.9,Y,D,,,JMP,
724,HICOWS,22-Aug-17,1,0-5,Pinaceae,32.2,Y,D,,,JMP,
725,HICOWS,22-Aug-17,2,0-5,Pinaceae,41,Y,D,,,JMP,
726,HICOWS,22-Aug-17,2,10-May,Pinaceae,37,N,D,1.5,,JMP,
727,HICOWS,22-Aug-17,2,15-20,Pinaceae,31,Y,D,,,JMP,
728,HICOWS,22-Aug-17,2,15-20,Pinaceae,41,Y,D,,,JMP,
729,HICOWS,22-Aug-17,2,15-20,Pinaceae,17,Y,D,,,JMP,
730,HICOWS,22-Aug-17,2,20-25,Pinaceae,42,Y,D,,,JMP,
731,HICOWS,22-Aug-17,2,20-25,Pinaceae,27,Y,D,,,JMP,
732,HICOWS,22-Aug-17,2,20-25,Pinaceae,40,Y,D,,,JMP,
733,HICOWS,22-Aug-17,2,25-30,Pinaceae,18,Y,D,,,JMP,
734,HICOWS,22-Aug-17,2,35-40,Pinaceae,24,Y,D,,,JMP,
735,HICOWS,22-Aug-17,2,35-40,Pinaceae,39,Y,D,,,JMP,
736,HICOWS,22-Aug-17,2,45-50,Pinaceae,30,Y,D,,,JMP,
737,HICOWS,22-Aug-17,2,45-50,Pinaceae,15,Y,D,,,JMP,
738,HICOWS,22-Aug-17,2,45-50,Pinaceae,22,Y,D,,,JMP,
739,HICOWS,22-Aug-17,2,40-45,Pinaceae,25,Y,D,,,JMP,
740,HICOWS,22-Aug-17,2,40-45,Pinaceae,46,Y,D,,,JMP,
741,HICOWS,22-Aug-17,2,40-45,Pinaceae,20,Y,D,,,JMP,
742,HICOWS,22-Aug-17,2,35-40,Pinaceae,39,Y,D,,,JMP,
743,HICOWS,22-Aug-17,2,35-40,Pinaceae,35,Y,D,,,JMP,
744,HICOWS,22-Aug-17,2,35-40,Pinaceae,16,Y,D,,,JMP,
745,HICOWS,22-Aug-17,2,25-30,Pinaceae,43,Y,D,,,JMP,
746,HICOWS,22-Aug-17,2,25-30,Pinaceae,16,Y,D,,,JMP,
747,HICOWS,22-Aug-17,2,20-25,Pinaceae,34,Y,D,,,JMP,
748,HICOWS,22-Aug-17,2,20-25,Pinaceae,24,Y,D,,,JMP,
749,HICOWS,22-Aug-17,2,20-25,Pinaceae,28,Y,D,,,JMP,
750,HICOWS,22-Aug-17,2,15-20,Pinaceae,49,Y,D,,,JMP,
751,HICOWS,22-Aug-17,2,15-20,Pinaceae,27,Y,D,,,JMP,
752,HICOWS,22-Aug-17,2,10-May,Pinaceae,23,Y,D,,,JMP,
753,HICOWS,22-Aug-17,2,10-May,Pinaceae,36,Y,D,,,JMP,
754,HICOWS,22-Aug-17,2,0-5,Pinaceae,26,Y,D,,,JMP,
755,HIDODD,24-Jul-17,1,0-5,Pinaceae,34.6,N,D,17.5,,JMP,15-20
756,HIDODD,24-Jul-17,1,0-5,Pinaceae,28.4,Y,D,,,JMP,
757,HIDODD,24-Jul-17,1,0-5,Pinaceae,26,Y,D,,,JMP,
758,HIDODD,24-Jul-17,1,0-5,Pinaceae,29,Y,D,,,JMP,
759,HIDODD,24-Jul-17,1,0-5,Pinaceae,36.7,Y,D,,,JMP,
760,HIDODD,24-Jul-17,1,10-May,Pinaceae,21,Y,D,,,JMP,
761,HIDODD,24-Jul-17,1,10-May,Pinaceae,62,Y,D,,,JMP,
762,HIDODD,24-Jul-17,1,10-May,Pinaceae,44.4,Y,D,,,JMP,
763,HIDODD,24-Jul-17,1,10-May,Pinaceae,58.3,Y,D,,,JMP,
764,HIDODD,24-Jul-17,1,15-Oct,Pinaceae,31.3,Y,D,,,JMP,
765,HIDODD,24-Jul-17,1,15-Oct,Pinaceae,41,Y,D,,,JMP,
766,HIDODD,24-Jul-17,1,15-20,Pinaceae,16.5,Y,D,,,JMP,
767,HIDODD,24-Jul-17,1,15-20,Pinaceae,35.1,N,D,5,,JMP,
768,HIDODD,24-Jul-17,1,15-20,Pinaceae,24.4,Y,D,,,JMP,
769,HIDODD,24-Jul-17,1,20-25,Pinaceae,58,Y,D,,,JMP,
770,HIDODD,24-Jul-17,1,35-40,Pinaceae,17.6,Y,D,,,JMP,
771,HIDODD,24-Jul-17,1,35-40,Pinaceae,67.2,Y,D,,,JMP,
772,HIDODD,24-Jul-17,1,35-40,Pinaceae,22,Y,D,,,JMP,
773,HIDODD,24-Jul-17,1,40-45,Pinaceae,16.7,Y,D,,,JMP,
774,HIDODD,24-Jul-17,1,40-45,Pinaceae,74.8,Y,D,,,JMP,
775,HIDODD,24-Jul-17,1,40-45,Pinaceae,27.7,Y,D,,,JMP,
776,HIDODD,24-Jul-17,1,45-50,Pinaceae,75.4,Y,D,,,JMP,
777,HIDODD,24-Jul-17,1,45-50,Pinaceae,30,Y,D,,,JMP,
778,HIDODD,24-Jul-17,1,40-45,Pinaceae,36.7,N,D,12.5,,JMP,15-Oct
779,HIDODD,24-Jul-17,1,35-40,Pinaceae,55.8,Y,D,,,JMP,
780,HIDODD,24-Jul-17,1,35-40,Pinaceae,45.5,Y,D,,,JMP,
781,HIDODD,24-Jul-17,1,30-35,Pinaceae,68.8,Y,D,,,JMP,
782,HIDODD,24-Jul-17,1,25-30,Pinaceae,47.7,Y,D,,,JMP,
783,HIDODD,24-Jul-17,1,25-30,Pinaceae,39.9,Y,D,,,JMP,
784,HIDODD,24-Jul-17,1,20-25,Pinaceae,69.8,Y,D,,,JMP,
785,HIDODD,24-Jul-17,1,10-May,Pinaceae,28.2,Y,D,,,JMP,
786,HIDODD,24-Jul-17,1,10-May,Pinaceae,22,Y,D,,,JMP,
787,HIDODD,24-Jul-17,1,0-5,Pinaceae,27.9,Y,D,,,JMP,
788,HIDODD,24-Jul-17,1,0-5,Pinaceae,19,N,D,12.5,,JMP,15-Oct
789,HIDODD,24-Jul-17,2,0-5,Pinaceae,44.9,Y,D,,,JMP,
790,HIDODD,24-Jul-17,2,45-50,Pinaceae,22.5,N,D,3.2,,JMP,0-5
791,HIDODD,24-Jul-17,2,45-50,Pinaceae,34,Y,D,,,JMP,
792,HIDODD,24-Jul-17,2,45-50,Pinaceae,29,Y,D,,,JMP,
793,HIDODD,24-Jul-17,2,45-50,Pinaceae,15,Y,D,,,JMP,
794,HIDODD,24-Jul-17,2,40-45,Pinaceae,43.8,Y,D,,,JMP,
795,HIDODD,24-Jul-17,2,40-45,Pinaceae,15.8,N,D,7.5,,JMP,10-May
796,HIDODD,24-Jul-17,2,35-40,Pinaceae,55.5,Y,D,,,JMP,
797,HIDODD,24-Jul-17,2,30-35,Pinaceae,33.7,Y,D,,,JMP,
798,HIDODD,24-Jul-17,2,30-35,Pinaceae,60.1,Y,D,,,JMP,
799,HIDODD,24-Jul-17,2,25-30,Pinaceae,53,Y,D,,,JMP,
800,HIDODD,24-Jul-17,2,15-20,Pinaceae,64.4,Y,D,,,JMP,
801,HIDODD,24-Jul-17,2,15-Oct,Pinaceae,66,Y,D,,,JMP,
802,HIDODD,24-Jul-17,2,15-Oct,Pinaceae,63.4,Y,D,,,JMP,
803,HIDODD,24-Jul-17,2,15-Oct,Pinaceae,40.5,Y,D,,,JMP,
804,HIDODD,24-Jul-17,2,15-Oct,Pinaceae,36,Y,D,,,JMP,
805,HISHRU,7-Aug-17,1,45-50,Pinaceae,33.2,Y,D,,,JMP,
806,HISHRU,7-Aug-17,1,45-50,Pinaceae,25.9,Y,D,,,JMP,
807,HISHRU,7-Aug-17,1,40-45,Pinaceae,25.3,Y,D,,,JMP,
808,HISHRU,7-Aug-17,1,35-40,Pinaceae,28,Y,D,,,JMP,
809,HISHRU,7-Aug-17,1,35-40,Pinaceae,29.5,Y,D,,,JMP,
810,HISHRU,7-Aug-17,1,30-35,Pinaceae,22.3,Y,D,,,JMP,
811,HISHRU,7-Aug-17,1,30-35,Pinaceae,19.2,Y,D,,,JMP,
812,HISHRU,7-Aug-17,1,30-35,Pinaceae,21.2,Y,D,,,JMP,
813,HISHRU,7-Aug-17,1,30-35,Pinaceae,18.5,Y,D,,,JMP,
814,HISHRU,7-Aug-17,1,30-35,Pinaceae,15.3,Y,D,,,JMP,
815,HISHRU,7-Aug-17,1,25-30,Pinaceae,28.1,Y,D,,,JMP,
816,HISHRU,7-Aug-17,1,25-30,Pinaceae,22.5,Y,D,,,JMP,
817,HISHRU,7-Aug-17,1,25-30,Pinaceae,26.1,Y,D,,,JMP,
818,HISHRU,7-Aug-17,1,20-25,Pinaceae,24,Y,D,,,JMP,
819,HISHRU,7-Aug-17,1,20-25,Pinaceae,75.6,Y,D,,,JMP,
820,HISHRU,7-Aug-17,1,10-May,Pinaceae,24.5,Y,D,,,JMP,
821,HISHRU,7-Aug-17,1,10-May,Quercus kelloggii,50.1,Y,D,,,JMP,
822,HISHRU,7-Aug-17,1,10-May,Pinaceae,16.1,Y,D,,,JMP,
823,HISHRU,7-Aug-17,1,0-5,Pinaceae,22.8,Y,D,,,JMP,
824,HISHRU,7-Aug-17,1,0-5,Pinaceae,15.1,Y,D,,,JMP,
825,HISHRU,7-Aug-17,1,0-5,Quercus kelloggii,64.1,Y,D,,,JMP,
826,HISHRU,7-Aug-17,1,0-5,Pinaceae,19.1,Y,D,,,JMP,
827,HISHRU,7-Aug-17,1,0-5,Pinaceae,17.6,Y,D,,,JMP,
828,HISHRU,7-Aug-17,1,10-May,Pinaceae,16.7,Y,D,,,JMP,
829,HISHRU,7-Aug-17,1,10-May,Pinaceae,15.8,Y,D,,,JMP,
830,HISHRU,7-Aug-17,1,10-May,Pinaceae,23.1,Y,D,,,JMP,
831,HISHRU,7-Aug-17,1,15-Oct,Pinaceae,27.6,Y,D,,,JMP,
832,HISHRU,7-Aug-17,1,15-Oct,Pinaceae,23.7,Y,D,,,JMP,
833,HISHRU,7-Aug-17,1,15-Oct,Pinaceae,18.9,Y,D,,,JMP,
834,HISHRU,7-Aug-17,1,15-Oct,Pinaceae,16.4,Y,D,,,JMP,
835,HISHRU,7-Aug-17,1,15-20,Pinaceae,19.2,Y,D,,,JMP,
836,HISHRU,7-Aug-17,1,15-20,Pinaceae,18.2,Y,D,,,JMP,
837,HISHRU,7-Aug-17,1,15-20,Pinaceae,18.3,Y,D,,,JMP,
838,HISHRU,7-Aug-17,1,15-20,Pinaceae,23.6,Y,D,,,JMP,
839,HISHRU,7-Aug-17,1,15-20,Pinaceae,17.8,Y,D,,,JMP,
840,HISHRU,7-Aug-17,1,20-25,Pinaceae,22.6,Y,D,,,JMP,
841,HISHRU,7-Aug-17,1,20-25,Pinaceae,16.9,Y,D,,,JMP,
842,HISHRU,7-Aug-17,1,20-25,Pinaceae,85.1,Y,D,,,JMP,
843,HISHRU,7-Aug-17,1,25-30,Pinaceae,69.4,Y,D,,,JMP,
844,HISHRU,7-Aug-17,1,25-30,Pinaceae,39.1,Y,D,,,JMP,
845,HISHRU,7-Aug-17,1,30-35,Pinaceae,21.3,Y,D,,,JMP,
846,HISHRU,7-Aug-17,1,30-35,Pinaceae,41.8,Y,D,,,JMP,
847,HISHRU,7-Aug-17,1,30-35,Pinaceae,16.4,N,D,27.5,,JMP,25-30
848,HISHRU,7-Aug-17,1,35-40,Pinaceae,37.7,Y,D,,,JMP,
849,HISHRU,7-Aug-17,1,35-40,Pinaceae,30.2,Y,D,,,JMP,
850,HISHRU,7-Aug-17,1,35-40,Pinaceae,38.2,Y,D,,,JMP,
851,HISHRU,7-Aug-17,1,40-45,Pinaceae,16.5,Y,D,,,JMP,
852,HISHRU,7-Aug-17,1,40-45,Pinaceae,33.6,Y,D,,,JMP,
853,HISHRU,7-Aug-17,1,40-45,Pinaceae,32,N,D,12.5,,JMP,15-Oct
854,HISHRU,7-Aug-17,1,45-50,Pinaceae,33.9,Y,D,,,JMP,
855,HISHRU,7-Aug-17,1,45-50,Pinaceae,98.2,Y,D,,,JMP,
856,HISHRU,7-Aug-17,1,45-50,Pinaceae,40.5,Y,D,,,JMP,
857,HISHRU,8-Aug-17,2,0-5,Pinaceae,16.5,N,D,3.2,,JMP,0-5
858,HISHRU,8-Aug-17,2,0-5,Pinaceae,127.2,Y,D,,,JMP,
859,HISHRU,8-Aug-17,2,15-Oct,Pinaceae,31.3,N,D,3.2,,JMP,0-5
860,HISHRU,8-Aug-17,2,15-20,Pinaceae,85,Y,D,,,JMP,
861,HISHRU,8-Aug-17,2,20-25,Pinaceae,39.4,Y,D,,,JMP,
862,HISHRU,8-Aug-17,2,25-30,Pinaceae,82,Y,D,,,JMP,
863,HISHRU,8-Aug-17,2,30-35,Pinaceae,16.4,Y,D,,,JMP,
864,HISHRU,8-Aug-17,2,35-40,Pinaceae,23.5,Y,D,,,JMP,
865,HISHRU,8-Aug-17,2,35-40,Pinaceae,73.6,Y,D,,,JMP,
866,HISHRU,8-Aug-17,2,40-45,Pinaceae,54,Y,D,,,JMP,
867,HISHRU,8-Aug-17,2,45-50,Pinaceae,40,Y,D,,,JMP,
868,HISHRU,8-Aug-17,2,45-50,Pinaceae,18.5,Y,D,,,JMP,
869,HISHRU,8-Aug-17,2,45-50,Pinaceae,39.3,Y,D,,,JMP,
870,HISHRU,8-Aug-17,2,40-45,Pinaceae,110.4,Y,D,,,JMP,
871,HISHRU,8-Aug-17,2,40-45,Pinaceae,23.5,Y,D,,,JMP,
872,HISHRU,8-Aug-17,2,40-45,Pinaceae,25.5,Y,D,,,JMP,
873,HISHRU,8-Aug-17,2,40-45,Pinaceae,75.8,Y,D,,,JMP,
874,HISHRU,8-Aug-17,2,35-40,Pinaceae,37.5,Y,D,,,JMP,
875,HISHRU,8-Aug-17,2,35-40,Pinaceae,20.2,Y,D,,,JMP,
876,HISHRU,8-Aug-17,2,30-35,Pinaceae,55.5,Y,D,,,JMP,
877,HISHRU,8-Aug-17,2,25-30,Pinaceae,74.2,Y,D,,,JMP,
878,HISHRU,8-Aug-17,2,20-25,Pinaceae,81,Y,D,,,JMP,
879,HISHRU,8-Aug-17,2,20-25,Pinaceae,18.5,N,D,3.2,,JMP,0-5
880,HISHRU,8-Aug-17,2,20-25,Pinaceae,50.3,Y,D,,,JMP,
881,HISHRU,8-Aug-17,2,15-20,Pinaceae,19.6,Y,D,,,JMP,
882,HISHRU,8-Aug-17,2,15-20,Pinaceae,21.2,Y,D,,,JMP,
883,HISHRU,8-Aug-17,2,15-20,Pinaceae,33.1,Y,D,,,JMP,
884,HISHRU,8-Aug-17,2,10-May,Pinaceae,133.8,N,D,42.5,,JMP,40-45
885,HISHRU,8-Aug-17,2,10-May,Pinaceae,25.7,Y,D,,,JMP,
886,HISHRU,8-Aug-17,2,10-May,Pinaceae,37.4,Y,D,,,JMP,
887,HISHRU,8-Aug-17,2,10-May,Pinaceae,20.7,Y,D,,,JMP,
888,HISHRU,8-Aug-17,2,0-5,Pinaceae,41.3,N,D,3.2,,JMP,0-5
889,HISQUE,31-Jul-17,1,0-5,Pinaceae,37,Y,D,,,JMP,
890,HISQUE,31-Jul-17,1,0-5,Pinaceae,51,Y,D,,,JMP,
891,HISQUE,31-Jul-17,1,0-5,Pinaceae,19,Y,D,,,JMP,
892,HISQUE,31-Jul-17,1,0-5,Pinaceae,23,Y,D,,,JMP,
893,HISQUE,31-Jul-17,1,0-5,Pinaceae,18,Y,D,,,JMP,
894,HISQUE,31-Jul-17,1,10-May,Pinaceae,28,Y,D,,,JMP,
895,HISQUE,31-Jul-17,1,15-20,Pinaceae,46,Y,D,,,JMP,
896,HISQUE,31-Jul-17,1,20-25,Pinaceae,47,Y,D,,,JMP,
897,HISQUE,31-Jul-17,1,20-25,Pinaceae,15,Y,D,,,JMP,
898,HISQUE,31-Jul-17,1,20-25,Pinaceae,16,Y,D,,,JMP,
899,HISQUE,31-Jul-17,1,20-25,Pinaceae,16,Y,D,,,JMP,
900,HISQUE,31-Jul-17,1,25-30,Pinaceae,25,Y,D,,,JMP,
901,HISQUE,31-Jul-17,1,25-30,Pinaceae,29,Y,D,,,JMP,
902,HISQUE,31-Jul-17,1,25-30,Pinaceae,26,Y,D,,,JMP,
903,HISQUE,31-Jul-17,1,25-30,Pinaceae,27,Y,D,,,JMP,
904,HISQUE,31-Jul-17,1,40-45,Pinaceae,44,Y,D,,,JMP,
905,HISQUE,31-Jul-17,1,40-45,Pinaceae,53,Y,D,,,JMP,
906,HISQUE,31-Jul-17,1,45-50,Pinaceae,36,N,D,11,,JMP,
907,HISQUE,31-Jul-17,1,45-50,Quercus kelloggii,49,Y,D,,,JMP,
908,HISQUE,31-Jul-17,1,45-50,Pinaceae,15,Y,D,,,JMP,
909,HISQUE,31-Jul-17,1,45-50,Pinaceae,28,Y,D,,,JMP,
910,HISQUE,31-Jul-17,1,40-45,Pinaceae,35,Y,D,,,JMP,
911,HISQUE,31-Jul-17,1,35-40,Pinaceae,28,Y,D,,,JMP,
912,HISQUE,31-Jul-17,1,35-40,Pinaceae,21,Y,D,,,JMP,
913,HISQUE,31-Jul-17,1,30-35,Pinaceae,32,Y,D,,,JMP,
914,HISQUE,31-Jul-17,1,30-35,Pinaceae,25,Y,D,,,JMP,
915,HISQUE,31-Jul-17,1,30-35,Pinaceae,29,Y,D,,,JMP,
916,HISQUE,31-Jul-17,1,25-30,Pinaceae,38,Y,D,,,JMP,
917,HISQUE,31-Jul-17,1,25-30,Pinaceae,34,Y,D,,,JMP,
918,HISQUE,31-Jul-17,1,25-30,Pinaceae,23,Y,D,,,JMP,
919,HISQUE,31-Jul-17,1,20-25,Pinaceae,24,Y,D,,,JMP,
920,HISQUE,31-Jul-17,1,20-25,Pinaceae,19,Y,D,,,JMP,
921,HISQUE,31-Jul-17,1,20-25,Pinaceae,23,Y,D,,,JMP,
922,HISQUE,31-Jul-17,1,20-25,Pinaceae,21,Y,D,,,JMP,
923,HISQUE,31-Jul-17,1,0-5,Pinaceae,28,Y,D,,,JMP,
924,HISQUE,31-Jul-17,2,0-5,Pinaceae,35,Y,D,,,JMP,
925,HISQUE,31-Jul-17,2,0-5,Pinaceae,22,Y,D,,,JMP,
926,HISQUE,31-Jul-17,2,0-5,Pinaceae,15,Y,D,,,JMP,
927,HISQUE,31-Jul-17,2,10-May,Pinaceae,24,Y,D,,,JMP,
928,HISQUE,31-Jul-17,2,15-Oct,Pinaceae,15,Y,D,,,JMP,
929,HISQUE,31-Jul-17,2,15-20,Pinaceae,41,Y,D,,,JMP,
930,HISQUE,31-Jul-17,2,15-20,Pinaceae,40,Y,D,,,JMP,
931,HISQUE,31-Jul-17,2,20-25,Pinaceae,40,Y,D,,,JMP,
932,HISQUE,31-Jul-17,2,20-25,Pinaceae,23,Y,D,,,JMP,
933,HISQUE,31-Jul-17,2,20-25,Pinaceae,27,Y,D,,,JMP,
934,HISQUE,31-Jul-17,2,20-25,Pinaceae,19,Y,D,,,JMP,
935,HISQUE,31-Jul-17,2,25-30,Pinaceae,15,Y,D,,,JMP,
936,HISQUE,31-Jul-17,2,25-30,Pinaceae,28,Y,D,,,JMP,
937,HISQUE,31-Jul-17,2,25-30,Pinaceae,21,Y,D,,,JMP,
938,HISQUE,31-Jul-17,2,35-40,Pinaceae,29,Y,D,,,JMP,
939,HISQUE,31-Jul-17,2,35-40,Pinaceae,26,Y,D,,,JMP,
940,HISQUE,31-Jul-17,2,35-40,Pinaceae,23,Y,D,,,JMP,
941,HISQUE,31-Jul-17,2,35-40,Pinaceae,17,Y,D,,,JMP,
942,HISQUE,31-Jul-17,2,35-40,Pinaceae,18,Y,D,,,JMP,
943,HISQUE,31-Jul-17,2,40-45,Pinaceae,26,Y,D,,,JMP,
944,HISQUE,31-Jul-17,2,40-45,Pinaceae,22,Y,D,,,JMP,
945,HISQUE,31-Jul-17,2,40-45,Pinaceae,16,Y,D,,,JMP,
946,HISQUE,31-Jul-17,2,40-45,Pinaceae,23,Y,D,,,JMP,
947,HISQUE,31-Jul-17,2,45-50,Pinaceae,17,Y,D,,,JMP,
948,HISQUE,31-Jul-17,2,45-50,Pinaceae,24,Y,D,,,JMP,
949,HISQUE,31-Jul-17,2,45-50,Pinaceae,26,Y,D,,,JMP,
950,HISQUE,31-Jul-17,2,45-50,Pinaceae,24,Y,D,,,JMP,
951,HISQUE,31-Jul-17,2,45-50,Pinaceae,15,Y,D,,,JMP,
952,HISQUE,31-Jul-17,2,40-45,Pinaceae,20,Y,D,,,JMP,
953,HISQUE,31-Jul-17,2,40-45,Pinaceae,25,Y,D,,,JMP,
954,HISQUE,31-Jul-17,2,35-40,Pinaceae,24,Y,D,,,JMP,
955,HISQUE,31-Jul-17,2,35-40,Pinaceae,33,Y,D,,,JMP,
956,HISQUE,31-Jul-17,2,25-30,Pinaceae,21,Y,D,,,JMP,
957,HISQUE,31-Jul-17,2,25-30,Pinaceae,29,Y,D,,,JMP,
958,HISQUE,31-Jul-17,2,25-30,Pinaceae,52,Y,D,,,JMP,
959,HISQUE,31-Jul-17,2,15-20,Pinaceae,46,Y,D,,,JMP,
960,HISQUE,31-Jul-17,2,15-Oct,Pinaceae,19,Y,D,,,JMP,
961,HISQUE,31-Jul-17,2,10-May,Pinaceae,18,Y,D,,,JMP,
962,HISQUE,31-Jul-17,2,0-5,Pinaceae,39,Y,D,,,JMP,
963,HISQUE,31-Jul-17,2,0-5,Pinaceae,21,Y,D,,,JMP,
964,HITEDD,17-Jul-17,1,0-5,Calocedrus decurrens,43,Y,D,,,JMP,
965,HITEDD,17-Jul-17,1,10-May,Pinaceae,32,N,D,3,,JMP,
966,HITEDD,17-Jul-17,1,15-Oct,Pinaceae,17,Y,D,,,JMP,
967,HITEDD,17-Jul-17,1,30-35,Pinaceae,38,Y,D,,,JMP,
968,HITEDD,17-Jul-17,1,35-40,Pinaceae,17,Y,D,,,JMP,
969,HITEDD,17-Jul-17,1,45-50,Pinaceae,29,Y,D,,,JMP,
970,HITEDD,17-Jul-17,1,40-45,Pinaceae,30,Y,D,,,JMP,
971,HITEDD,17-Jul-17,1,35-40,Pinaceae,16,Y,D,,,JMP,
972,HITEDD,17-Jul-17,1,15-20,Pinaceae,23,Y,D,,,JMP,
973,HITEDD,17-Jul-17,1,10-May,Pinaceae,62,Y,D,,,JMP,
974,HITEDD,17-Jul-17,2,0-5,Pinaceae,51,Y,D,,,JMP,
975,HITEDD,17-Jul-17,2,0-5,Pinaceae,30,Y,D,,,JMP,
976,HITEDD,17-Jul-17,2,10-May,Pinaceae,25,Y,D,,,JMP,
977,HITEDD,17-Jul-17,2,15-20,Pinaceae,62,Y,D,,,JMP,
978,HITEDD,17-Jul-17,2,15-20,Pinaceae,34,Y,D,,,JMP,
979,HITEDD,17-Jul-17,2,35-40,Pinaceae,22,Y,D,,,JMP,
980,HITEDD,17-Jul-17,2,35-40,Pinaceae,49,Y,D,,,JMP,
981,HITEDD,17-Jul-17,2,45-50,Pinaceae,45,Y,D,,,JMP,
982,HITEDD,17-Jul-17,2,35-40,Pinaceae,19,Y,D,,,JMP,
983,HITEDD,17-Jul-17,2,30-35,Pinaceae,22,Y,D,,,JMP,
984,HITEDD,17-Jul-17,2,25-30,Pinaceae,38,Y,D,,,JMP,
985,HITEDD,17-Jul-17,2,25-30,Pinaceae,19,Y,D,,,JMP,
986,HITEDD,17-Jul-17,2,25-30,Pinaceae,44,Y,D,,,JMP,
987,HITEDD,17-Jul-17,2,25-30,Pinaceae,34,Y,D,,,JMP,
988,HITEDD,17-Jul-17,2,25-30,Pinaceae,47,Y,D,,,JMP,
989,HITEDD,17-Jul-17,2,25-30,Pinaceae,45,Y,D,,,JMP,
990,HITEDD,17-Jul-17,2,25-30,Pinaceae,34,Y,D,,,JMP,
991,HITEDD,17-Jul-17,2,15-20,Pinaceae,51,Y,D,,,JMP,
992,HIWALK,7-Jun-17,1,20-25,Pinaceae,34,Y,D,,,JMP,
993,HIWALK,7-Jun-17,1,25-30,Pinaceae,39.5,Y,D,,,JMP,
994,HIWALK,7-Jun-17,1,30-35,Pinaceae,38.6,Y,D,,,JMP,
995,HIWALK,7-Jun-17,1,30-35,Pinaceae,25,Y,D,,,JMP,
996,HIWALK,7-Jun-17,1,40-45,Pinaceae,28,Y,D,,,JMP,
997,HIWALK,7-Jun-17,1,45-50,Pinaceae,31,Y,D,,,JMP,
998,HIWALK,7-Jun-17,1,45-50,Pinaceae,34,Y,D,,,JMP,
999,HIWALK,7-Jun-17,1,45-50,Pinaceae,25.5,Y,D,,,JMP,
1000,HIWALK,7-Jun-17,1,45-50,Pinaceae,26.5,Y,D,,,JMP,
1001,HIWALK,7-Jun-17,1,45-50,Pinaceae,30,Y,D,,,JMP,
1002,HIWALK,7-Jun-17,2,0-5,Pinaceae,22,Y,D,,,JMP,
1003,HIWALK,7-Jun-17,2,0-5,Pinaceae,32,Y,D,,,JMP,
1004,HIWALK,7-Jun-17,2,0-5,Pinaceae,26.5,Y,D,,,JMP,
1005,HIWALK,7-Jun-17,2,10-May,Pinaceae,27,Y,D,,,JMP,
1006,HIWALK,7-Jun-17,2,10-May,Pinaceae,24,Y,D,,,JMP,
1007,HIWALK,7-Jun-17,2,10-May,Pinaceae,31,Y,D,,,JMP,
1008,HIWALK,7-Jun-17,2,15-Oct,Pinaceae,29.5,Y,D,,,JMP,
1009,HIWALK,7-Jun-17,2,15-Oct,Pinaceae,24,Y,D,,,JMP,
1010,HIWALK,7-Jun-17,2,15-Oct,Pinaceae,27,Y,D,,,JMP,
1011,HIWALK,7-Jun-17,2,15-Oct,Pinaceae,25.5,Y,D,,,JMP,
1012,HIWALK,7-Jun-17,2,15-20,Pinaceae,21,Y,D,,,JMP,
1013,HIWALK,7-Jun-17,2,15-20,Pinaceae,29.5,Y,D,,,JMP,
1014,HIWALK,7-Jun-17,2,15-20,Pinaceae,26,Y,D,,,JMP,
1015,HIWALK,7-Jun-17,2,15-20,Pinaceae,19.5,Y,D,,,JMP,
1016,HIWALK,7-Jun-17,2,15-20,Pinaceae,23.5,Y,D,,,JMP,
1017,HIWALK,7-Jun-17,2,25-30,Pinaceae,19.5,Y,D,,,JMP,
1018,HIWALK,7-Jun-17,2,25-30,Pinaceae,18.5,N,D,3.5,,JMP,
1019,HIWALK,7-Jun-17,2,25-30,Pinaceae,21,Y,D,,,JMP,
1020,HIWALK,7-Jun-17,2,25-30,Pinaceae,25,N,D,6,,JMP,
1021,HIWALK,7-Jun-17,2,30-35,Pinaceae,24,Y,D,,,JMP,
1022,HIWALK,7-Jun-17,2,30-35,Pinaceae,35.5,Y,D,,,JMP,
1023,HIWALK,7-Jun-17,2,30-35,Pinaceae,35,Y,D,,,JMP,
1024,HIWALK,7-Jun-17,2,35-40,Pinaceae,44.5,Y,D,,,JMP,
1025,HIWALK,7-Jun-17,2,40-45,Pinaceae,45,Y,D,,,JMP,
1026,HIWALK,7-Jun-17,2,40-45,Pinaceae,17,Y,D,,,JMP,
1027,HIWALK,7-Jun-17,2,40-45,Pinaceae,38,Y,D,,,JMP,
1028,HIWALK,7-Jun-17,2,45-50,Pinaceae,55,Y,D,,,JMP,
1029,HIWALK,7-Jun-17,2,45-50,Pinaceae,48,Y,D,,,JMP,
1030,HIWALK,7-Jun-17,2,45-50,Pinaceae,29,Y,D,,,JMP,
1031,HIWALK,7-Jun-17,2,45-50,Pinaceae,15,Y,D,,,JMP,
1032,MIXBUS,24-Jul-17,1,35-40,Calocedrus decurrens,140.1,Y,UH,,,JMP,
1033,MIXBUS,24-Jul-17,1,30-35,Pinus lambertiana,154.1,Y,H,,,JMP,
1034,MIXBUS,24-Jul-17,1,30-35,Abies sp.,30.2,Y,D,,,JMP,
1035,MIXBUS,24-Jul-17,1,25-30,Abies sp.,25.3,Y,D,,,JMP,
1036,MIXBUS,24-Jul-17,1,25-30,Abies sp.,22.4,Y,D,,,JMP,
1037,MIXBUS,24-Jul-17,1,20-25,Pinus lambertiana,133.6,Y,H,,,JMP,
1038,MIXBUS,24-Jul-17,1,20-25,Abies sp.,16.8,Y,D,,,JMP,
1039,MIXBUS,24-Jul-17,1,20-25,Calocedrus decurrens,21,Y,D,,,JMP,
1040,MIXBUS,24-Jul-17,1,20-25,Abies sp.,23.8,Y,D,,,JMP,
1041,MIXBUS,24-Jul-17,1,15-20,Pinaceae,33.8,N,D,3,,JMP,
1042,MIXBUS,24-Jul-17,1,15-20,Abies sp.,22.3,Y,D,,,JMP,
1043,MIXBUS,24-Jul-17,1,15-20,Pinaceae,47,Y,D,,,JMP,
1044,MIXBUS,24-Jul-17,1,15-Oct,Abies sp.,33.1,Y,H,,,JMP,
1045,MIXBUS,24-Jul-17,1,15-Oct,Abies sp.,29,Y,D,,,JMP,
1046,MIXBUS,24-Jul-17,1,10-May,Calocedrus decurrens,53.1,Y,H,,,JMP,
1047,MIXBUS,24-Jul-17,1,10-May,Pinus lambertiana,136.3,Y,H,,,JMP,
1048,MIXBUS,24-Jul-17,2,45-50,Abies sp.,25.7,Y,D,,,JMP,
1049,MIXBUS,24-Jul-17,2,45-50,Abies sp.,16.2,N,D,15,,JMP,
1050,MIXBUS,24-Jul-17,2,40-45,Abies sp.,18.3,Y,D,,,JMP,
1051,MIXBUS,24-Jul-17,2,40-45,Calocedrus decurrens,22.4,Y,D,,,JMP,
1052,MIXBUS,24-Jul-17,2,40-45,Abies sp.,31.6,Y,D,,,JMP,
1053,MIXBUS,24-Jul-17,2,40-45,Abies sp.,104.8,N,D,30,,JMP,
1054,MIXBUS,24-Jul-17,2,35-40,Abies magnifica,63.9,Y,H,,,JMP,
1055,MIXBUS,24-Jul-17,2,35-40,Calocedrus decurrens,28.6,Y,D,,,JMP,
1056,MIXBUS,24-Jul-17,2,35-40,Abies sp.,33.3,Y,D,,,JMP,
1057,MIXBUS,24-Jul-17,2,35-40,Calocedrus decurrens,25.6,Y,D,,,JMP,
1058,MIXBUS,24-Jul-17,2,30-35,Calocedrus decurrens,16.9,N,D,3,,JMP,
1059,MIXBUS,24-Jul-17,2,30-35,Abies sp.,17.4,Y,D,,,JMP,
1060,MIXBUS,24-Jul-17,2,30-35,Pinus lambertiana,173.6,Y,H,,,JMP,
1061,MIXBUS,24-Jul-17,2,30-35,Abies sp.,20.7,Y,D,,,JMP,
1062,MIXBUS,24-Jul-17,2,30-35,Abies sp.,16,Y,D,,,JMP,
1063,MIXBUS,24-Jul-17,2,30-35,Abies sp.,17.5,Y,D,,,JMP,
1064,MIXBUS,24-Jul-17,2,30-35,Abies sp.,21.8,Y,D,,,JMP,
1065,MIXBUS,24-Jul-17,2,30-35,Abies sp.,26.6,Y,D,,,JMP,
1066,MIXBUS,24-Jul-17,2,25-30,Abies sp.,22,Y,D,,,JMP,
1067,MIXBUS,24-Jul-17,2,25-30,Abies sp.,26.6,Y,D,,,JMP,
1068,MIXBUS,24-Jul-17,2,25-30,Abies sp.,29.5,Y,D,,,JMP,
1069,MIXBUS,24-Jul-17,2,25-30,Abies sp.,18.4,Y,D,,,JMP,
1070,MIXBUS,24-Jul-17,2,25-30,Abies sp.,22.8,Y,D,,,JMP,
1071,MIXBUS,24-Jul-17,2,25-30,Abies sp.,17.3,Y,D,,,JMP,
1072,MIXBUS,24-Jul-17,2,25-30,Abies sp.,16.1,Y,D,,,JMP,
1073,MIXBUS,24-Jul-17,2,25-30,Abies sp.,22.1,Y,D,,,JMP,
1074,MIXBUS,24-Jul-17,2,25-30,Abies sp.,21.7,Y,D,,,JMP,
1075,MIXBUS,24-Jul-17,2,20-25,Abies magnifica,50.5,Y,H,,,JMP,
1076,MIXBUS,24-Jul-17,2,20-25,Abies sp.,23.7,Y,D,,,JMP,
1077,MIXBUS,24-Jul-17,2,20-25,Abies sp.,23.3,Y,D,,,JMP,
1078,MIXBUS,24-Jul-17,2,20-25,Abies sp.,21.9,Y,D,,,JMP,
1079,MIXBUS,24-Jul-17,2,15-20,Abies concolor,40.3,Y,H,,,JMP,
1080,MIXBUS,24-Jul-17,2,15-20,Calocedrus decurrens,99.5,Y,UH,,,JMP,
1081,MIXBUS,24-Jul-17,2,15-20,Abies magnifica,33.4,Y,H,,,JMP,
1082,MIXBUS,24-Jul-17,2,15-Oct,Abies sp.,19.2,Y,D,,,JMP,
1083,MIXBUS,24-Jul-17,2,15-Oct,Abies concolor,37.5,Y,H,,,JMP,
1084,MIXBUS,24-Jul-17,2,10-May,Abies magnifica,45.7,Y,H,,,JMP,
1085,MIXBUS,24-Jul-17,2,10-May,Abies sp.,15.1,Y,D,,,JMP,
1086,MIXBUS,24-Jul-17,2,10-May,Abies concolor,33.5,Y,H,,,JMP,
1087,MIXBUS,24-Jul-17,2,10-May,Abies sp.,15.4,Y,D,,,JMP,
1088,MIXBUS,24-Jul-17,2,10-May,Abies sp.,18.9,Y,D,,,JMP,
1089,MIXBUS,24-Jul-17,2,0-5,Abies sp.,31.7,Y,D,,,JMP,
1090,MIXBUS,24-Jul-17,2,0-5,Abies sp.,32.3,Y,D,,,JMP,
1091,MIXBUS,24-Jul-17,2,0-5,Abies sp.,37.7,Y,D,,,JMP,
1092,MIXBUS,24-Jul-17,2,0-5,Pinus lambertiana,201.3,Y,D,,,JMP,
1093,MIXBUT,26-Jun-17,1,0-5,Abies sp.,26,N,D,30,,MJH,
1094,MIXBUT,27-Jun-17,1,0-5,Abies sp.,46,N,D,35,,MJH,
1095,MIXBUT,26-Jun-17,1,10-May,Abies sp.,21,Y,D,,,MJH,
1096,MIXBUT,26-Jun-17,1,10-May,Abies sp.,39,Y,D,,,MJH,
1097,MIXBUT,26-Jun-17,1,15-Oct,Abies sp.,39.5,Y,D,,,MJH,
1098,MIXBUT,26-Jun-17,1,15-Oct,Abies sp.,61,Y,D,,,MJH,
1099,MIXBUT,26-Jun-17,1,15-Oct,Abies sp.,31,Y,D,,,MJH,
1100,MIXBUT,26-Jun-17,1,15-20,Abies sp.,26,Y,D,,,MJH,
1101,MIXBUT,26-Jun-17,1,15-20,Abies sp.,35,Y,D,,,MJH,
1102,MIXBUT,26-Jun-17,1,15-20,Abies sp.,45,N,D,10,,MJH,
1103,MIXBUT,26-Jun-17,1,15-20,Abies sp.,37.5,Y,D,,,MJH,
1104,MIXBUT,26-Jun-17,1,15-20,Abies sp.,59,N,D,20,,MJH,
1105,MIXBUT,26-Jun-17,1,15-20,Abies sp.,27,Y,D,,,MJH,
1106,MIXBUT,26-Jun-17,1,20-25,Abies sp.,51,Y,D,,,MJH,
1107,MIXBUT,26-Jun-17,1,20-25,Abies sp.,47,Y,D,,,MJH,
1108,MIXBUT,26-Jun-17,1,20-25,Abies sp.,22,Y,D,,,MJH,
1109,MIXBUT,26-Jun-17,1,25-30,Abies sp.,45,Y,D,,,MJH,
1110,MIXBUT,26-Jun-17,1,25-30,Abies sp.,25,Y,D,,,MJH,
1111,MIXBUT,26-Jun-17,1,25-30,Abies sp.,53,Y,H,,,MJH,
1112,MIXBUT,26-Jun-17,1,25-30,Abies sp.,48,Y,D,,,MJH,
1113,MIXBUT,26-Jun-17,1,25-30,Abies sp.,31,Y,D,,,MJH,
1114,MIXBUT,26-Jun-17,1,25-30,Abies sp.,22,Y,D,,,MJH,
1115,MIXBUT,26-Jun-17,1,30-35,Abies sp.,27.5,N,D,15,,MJH,
1116,MIXBUT,26-Jun-17,1,30-35,Abies sp.,78,Y,D,,,MJH,
1117,MIXBUT,26-Jun-17,1,30-35,Abies sp.,22.5,Y,D,,,MJH,
1118,MIXBUT,26-Jun-17,1,30-35,Abies sp.,49,Y,D,,,MJH,
1119,MIXBUT,26-Jun-17,1,30-35,Abies sp.,46,Y,D,,,MJH,
1120,MIXBUT,26-Jun-17,1,30-35,Abies sp.,21,N,D,10,,MJH,
1121,MIXBUT,26-Jun-17,1,35-40,Abies sp.,26.5,Y,D,,,MJH,
1122,MIXBUT,26-Jun-17,1,35-40,Abies sp.,42,Y,D,,,MJH,
1123,MIXBUT,26-Jun-17,1,35-40,Abies sp.,41,Y,D,,,MJH,
1124,MIXBUT,26-Jun-17,1,35-40,Abies sp.,20,Y,D,,,MJH,
1125,MIXBUT,26-Jun-17,1,35-40,Abies sp.,30,Y,D,,,MJH,
1126,MIXBUT,26-Jun-17,1,40-45,Abies sp.,30,Y,D,,,MJH,
1127,MIXBUT,26-Jun-17,1,40-45,Abies sp.,35,Y,D,,,MJH,
1128,MIXBUT,26-Jun-17,1,40-45,Abies sp.,55,Y,UH,,,MJH,
1129,MIXBUT,26-Jun-17,1,45-50,Abies sp.,41.5,Y,D,,,MJH,
1130,MIXBUT,26-Jun-17,1,45-50,Abies sp.,27,Y,D,,,MJH,
1131,MIXBUT,26-Jun-17,1,45-50,Abies sp.,55.5,Y,D,,,MJH,
1132,MIXBUT,26-Jun-17,1,45-50,Abies sp.,28.5,Y,UH,,,MJH,
1133,MIXBUT,26-Jun-17,1,45-50,Abies sp.,49,Y,H,,,MJH,
1134,MIXBUT,26-Jun-17,1,45-50,Abies sp.,43,Y,H,,,MJH,
1135,MIXBUT,26-Jun-17,1,45-50,Abies sp.,18.5,Y,D,,,MJH,
1136,MIXBUT,27-Jun-17,2,0-5,Abies sp.,88.3,Y,D,,,MJH,
1137,MIXBUT,27-Jun-17,2,0-5,Abies sp.,20.2,Y,D,,,MJH,
1138,MIXBUT,27-Jun-17,2,0-5,Abies sp.,39.5,Y,D,,,MJH,
1139,MIXBUT,27-Jun-17,2,10-May,Abies sp.,76.1,N,D,25,,MJH,
1140,MIXBUT,27-Jun-17,2,10-May,Abies sp.,97.8,Y,D,,,MJH,
1141,MIXBUT,27-Jun-17,2,15-20,Abies sp.,85.5,Y,D,,,MJH,
1142,MIXBUT,27-Jun-17,2,20-25,Abies sp.,38.1,Y,D,,,MJH,
1143,MIXBUT,27-Jun-17,2,25-30,Abies sp.,26,Y,D,,,MJH,
1144,MIXBUT,27-Jun-17,2,25-30,Abies sp.,20.3,Y,D,,,MJH,
1145,MIXBUT,27-Jun-17,2,25-30,Abies sp.,53.9,Y,D,,,MJH,
1146,MIXBUT,27-Jun-17,2,25-30,Abies sp.,18.4,Y,D,,,MJH,
1147,MIXBUT,27-Jun-17,2,25-30,Abies sp.,38.1,Y,D,,,MJH,
1148,MIXBUT,27-Jun-17,2,25-30,Abies sp.,26.5,Y,D,,,MJH,
1149,MIXBUT,27-Jun-17,2,25-30,Abies sp.,62.5,Y,D,,,MJH,
1150,MIXBUT,27-Jun-17,2,25-30,Abies sp.,32.5,Y,D,,,MJH,
1151,MIXBUT,27-Jun-17,2,30-35,Abies sp.,30.5,Y,D,,,MJH,
1152,MIXBUT,27-Jun-17,2,30-35,Abies sp.,62,Y,D,,,MJH,
1153,MIXBUT,27-Jun-17,2,30-35,Abies sp.,66.9,Y,D,,,MJH,
1154,MIXBUT,27-Jun-17,2,30-35,Abies sp.,52.5,Y,D,,,MJH,
1155,MIXBUT,27-Jun-17,2,30-35,Abies sp.,26.6,Y,D,,,MJH,
1156,MIXBUT,27-Jun-17,2,30-35,Abies sp.,16.3,N,D,6,,MJH,
1157,MIXBUT,27-Jun-17,2,35-40,Abies sp.,62.4,Y,D,,,MJH,
1158,MIXBUT,27-Jun-17,2,35-40,Abies sp.,35.8,Y,D,,,MJH,
1159,MIXBUT,27-Jun-17,2,35-40,Abies sp.,48.9,Y,D,,,MJH,
1160,MIXBUT,27-Jun-17,2,40-45,Abies sp.,55.8,Y,UH,,,MJH,
1161,MIXBUT,27-Jun-17,2,40-45,Abies sp.,24.9,Y,D,,,MJH,
1162,MIXBUT,27-Jun-17,2,40-45,Abies sp.,24.3,N,D,11,,MJH,
1163,MIXDP2,4-Jul-17,1,0-5,Pinus sp.,18.1,Y,D,,,JMP,
1164,MIXDP2,4-Jul-17,1,0-5,Pinaceae,19.7,Y,D,,,JMP,
1165,MIXDP2,4-Jul-17,1,10-May,Pinaceae,23.6,Y,D,,,JMP,
1166,MIXDP2,4-Jul-17,1,15-20,Pinus sp.,25.2,Y,D,,,JMP,
1167,MIXDP2,4-Jul-17,1,25-30,Pinus sp.,16.5,Y,D,,,JMP,
1168,MIXDP2,4-Jul-17,1,30-35,Pinaceae,53.4,Y,H,,,JMP,
1169,MIXDP2,4-Jul-17,1,40-45,Pinus sp.,18.7,Y,D,,,JMP,
1170,MIXDP2,4-Jul-17,1,40-45,Quercus kelloggii,25.8,Y,D,,,JMP,
1171,MIXDP2,4-Jul-17,1,40-45,Calocedrus decurrens,16.3,Y,D,,,JMP,
1172,MIXDP2,4-Jul-17,1,45-50,Calocedrus decurrens,30,Y,D,,,JMP,
1173,MIXDP2,4-Jul-17,1,40-45,Pinus sp.,23.3,Y,UH,,,JMP,
1174,MIXDP2,4-Jul-17,1,30-35,Pinus sp.,15.8,Y,D,,,JMP,
1175,MIXDP2,4-Jul-17,1,25-30,Pinus sp.,17.3,Y,D,,,JMP,
1176,MIXDP2,4-Jul-17,1,20-25,Pinus sp.,19.6,Y,D,,,JMP,
1177,MIXDP2,4-Jul-17,1,20-25,Pinus sp.,16.2,Y,D,,,JMP,
1178,MIXDP2,4-Jul-17,1,15-20,Pinaceae,16.3,Y,D,,,JMP,
1179,MIXDP2,4-Jul-17,1,15-20,Pinaceae,18.5,Y,D,,,JMP,
1180,MIXDP2,4-Jul-17,1,15-20,Pinus sp.,17.7,Y,D,,,JMP,
1181,MIXDP2,4-Jul-17,1,0-5,Pinaceae,16.6,Y,D,,,JMP,
1182,MIXDP2,4-Jul-17,1,0-5,Pinaceae,22.7,N,D,2.5,,JMP,
1183,MIXDP2,4-Jul-17,1,0-5,Pinaceae,26.8,Y,D,,,JMP,
1184,MIXDP2,4-Jul-17,2,0-5,Pinus sp.,40.2,Y,H,,,JMP,
1185,MIXDP2,4-Jul-17,2,0-5,Pinaceae,17.6,Y,D,,,JMP,
1186,MIXDP2,4-Jul-17,2,10-May,Abies sp.,16.7,Y,UH,,,JMP,
1187,MIXDP2,4-Jul-17,2,10-May,Abies sp.,27.8,Y,UH,,,JMP,
1188,MIXDP2,4-Jul-17,2,10-May,Abies sp.,25.4,Y,UH,,,JMP,
1189,MIXDP2,4-Jul-17,2,10-May,Abies sp.,19.8,Y,UH,,,JMP,
1190,MIXDP2,4-Jul-17,2,10-May,Abies sp.,37.4,Y,UH,,,JMP,
1191,MIXDP2,4-Jul-17,2,10-May,Abies sp.,40,Y,H,,,JMP,
1192,MIXDP2,4-Jul-17,2,10-May,Abies sp.,19.4,Y,UH,,,JMP,
1193,MIXDP2,4-Jul-17,2,10-May,Abies sp.,19.7,Y,H,,,JMP,
1194,MIXDP2,4-Jul-17,2,15-Oct,Abies sp.,29.2,Y,UH,,,JMP,
1195,MIXDP2,4-Jul-17,2,15-Oct,Pinus sp.,18.2,Y,D,,,JMP,
1196,MIXDP2,4-Jul-17,2,15-Oct,Abies sp.,44.1,Y,H,,,JMP,
1197,MIXDP2,4-Jul-17,2,15-Oct,Quercus kelloggii,22,Y,D,,,JMP,
1198,MIXDP2,4-Jul-17,2,15-Oct,Quercus kelloggii,40.3,Y,D,,,JMP,
1199,MIXDP2,4-Jul-17,2,15-Oct,Quercus kelloggii,49.9,Y,H,,,JMP,
1200,MIXDP2,4-Jul-17,2,20-25,Pinus sp.,23.1,Y,H,,,JMP,
1201,MIXDP2,4-Jul-17,2,25-30,Pinus sp.,16.1,Y,H,,,JMP,
1202,MIXDP2,4-Jul-17,2,25-30,Pinus sp.,28.7,Y,H,,,JMP,
1203,MIXDP2,4-Jul-17,2,25-30,Pinus sp.,16.5,Y,H,,,JMP,
1204,MIXDP2,4-Jul-17,2,25-30,Pinus sp.,22.3,Y,H,,,JMP,
1205,MIXDP2,4-Jul-17,2,25-30,Pinus sp.,30.2,Y,H,,,JMP,
1206,MIXDP2,4-Jul-17,2,25-30,Pinaceae,20.4,Y,D,,,JMP,
1207,MIXDP2,4-Jul-17,2,25-30,Pinus sp.,18.8,Y,H,,,JMP,
1208,MIXDP2,4-Jul-17,2,25-30,Pinus sp.,28.1,Y,H,,,JMP,
1209,MIXDP2,4-Jul-17,2,25-30,Pinus sp.,15.8,Y,H,,,JMP,
1210,MIXDP2,4-Jul-17,2,30-35,Pinus sp.,16.8,Y,D,,,JMP,
1211,MIXDP2,4-Jul-17,2,30-35,Pinus sp.,23.1,Y,H,,,JMP,
1212,MIXDP2,4-Jul-17,2,30-35,Pinus sp.,15.5,Y,H,,,JMP,
1213,MIXDP2,4-Jul-17,2,30-35,Pinus sp.,15.7,Y,H,,,JMP,
1214,MIXDP2,4-Jul-17,2,30-35,Pinus sp.,16.2,Y,H,,,JMP,
1215,MIXDP2,4-Jul-17,2,35-40,Pinus sp.,17,Y,H,,,JMP,
1216,MIXDP2,4-Jul-17,2,35-40,Pinaceae,18.7,Y,D,,,JMP,
1217,MIXDP2,4-Jul-17,2,35-40,Pinus sp.,25.4,Y,H,,,JMP,
1218,MIXDP2,4-Jul-17,2,35-40,Pinus sp.,18.3,Y,H,,,JMP,
1219,MIXDP2,4-Jul-17,2,35-40,Pinus sp.,33.7,Y,H,,,JMP,
1220,MIXDP2,4-Jul-17,2,35-40,Pinus sp.,33.7,Y,H,,,JMP,
1221,MIXDP2,4-Jul-17,2,35-40,Pinus sp.,27.1,Y,H,,,JMP,
1222,MIXDP2,4-Jul-17,2,35-40,Pinus sp.,32.6,Y,H,,,JMP,
1223,MIXDP2,4-Jul-17,2,40-45,Pinaceae,19.4,Y,D,,,JMP,
1224,MIXDP2,4-Jul-17,2,40-45,Pinaceae,16.6,Y,D,,,JMP,
1225,MIXDP2,4-Jul-17,2,45-50,Pinaceae,15.9,Y,D,,,JMP,
1226,MIXDP2,4-Jul-17,2,45-50,Pinaceae,16.3,Y,D,,,JMP,
1227,MIXDP2,4-Jul-17,2,45-50,Pinaceae,15,Y,D,,,JMP,
1228,MIXDP2,4-Jul-17,2,45-50,Pinaceae,19.2,Y,D,,,JMP,
1229,MIXDP2,4-Jul-17,2,45-50,Pinaceae,17.3,Y,D,,,JMP,
1230,MIXDP2,4-Jul-17,2,45-50,Pinaceae,20.1,Y,D,,,JMP,
1231,MIXDP2,4-Jul-17,2,45-50,Pinaceae,22.4,Y,D,,,JMP,
1232,MIXDP2,4-Jul-17,2,45-50,Pinus sp.,25.4,Y,D,,,JMP,
1233,MIXDP2,4-Jul-17,2,40-45,Pinus sp.,17.3,Y,D,,,JMP,
1234,MIXDP2,4-Jul-17,2,40-45,Pinaceae,16.3,Y,D,,,JMP,
1235,MIXMID,22-Aug-17,1,0-5,Pinus lambertiana,93.6,Y,H,,,JMP,
1236,MIXMID,22-Aug-17,1,10-May,Abies sp.,48.3,Y,D,,,JMP,
1237,MIXMID,22-Aug-17,1,10-May,Abies concolor,48,Y,H,,,JMP,
1238,MIXMID,22-Aug-17,1,25-30,Pinus lambertiana,84.9,Y,H,,,JMP,
1239,MIXMID,22-Aug-17,1,25-30,Abies sp.,27.5,Y,D,,,JMP,
1240,MIXMID,22-Aug-17,1,30-35,Pinus lambertiana,44.9,Y,H,,,JMP,
1241,MIXMID,22-Aug-17,1,40-45,Abies sp.,28.7,Y,H,,,JMP,
1242,MIXMID,22-Aug-17,1,45-50,Calocedrus decurrens,33.1,Y,H,,,JMP,
1243,MIXMID,22-Aug-17,1,40-45,Pinus lambertiana,102,Y,H,,,JMP,
1244,MIXMID,22-Aug-17,1,25-30,Pinus lambertiana,66.8,Y,H,,,JMP,
1245,MIXMID,22-Aug-17,2,0-5,Abies magnifica,78.1,Y,H,,,JMP,
1246,MIXMID,22-Aug-17,2,10-May,Calocedrus decurrens,36.6,Y,H,,,JMP,
1247,MIXMID,22-Aug-17,2,10-May,Abies magnifica,46.2,Y,H,,,JMP,
1248,MIXMID,22-Aug-17,2,10-May,Abies magnifica,22.2,Y,H,,,JMP,
1249,MIXMID,22-Aug-17,2,20-25,Calocedrus decurrens,18.9,Y,UH,,,JMP,
1250,MIXMID,22-Aug-17,2,20-25,Calocedrus decurrens,31.8,Y,H,,,JMP,
1251,MIXMID,22-Aug-17,2,20-25,Calocedrus decurrens,21.4,Y,UH,,,JMP,
1252,MIXMID,22-Aug-17,2,20-25,Calocedrus decurrens,33.3,Y,H,,,JMP,
1253,MIXMID,22-Aug-17,2,20-25,Abies magnifica,19,Y,H,,,JMP,
1254,MIXMID,22-Aug-17,2,20-25,Abies magnifica,17.4,Y,H,,,JMP,
1255,MIXMID,22-Aug-17,2,35-40,Abies sp.,33.3,Y,D,,,JMP,
1256,MIXMID,22-Aug-17,2,35-40,Calocedrus decurrens,26.3,Y,D,,,JMP,
1257,MIXMID,22-Aug-17,2,45-50,Pinus ponderosa,16.5,Y,UH,,,JMP,
1258,MIXMID,22-Aug-17,2,40-45,Abies sp.,30,Y,D,,,JMP,
1259,MIXMID,22-Aug-17,2,35-40,Abies magnifica,39.6,Y,UH,,,JMP,
1260,MIXMID,22-Aug-17,2,15-20,Quercus kelloggii,42.5,Y,H,,,JMP,
1261,MIXMID,22-Aug-17,2,15-Oct,Pinus ponderosa,20,Y,H,,,JMP,
1262,MIXMID,22-Aug-17,2,10-May,Pinus monticola,18.4,Y,H,,,JMP,
1263,MIXMIX,10-Jul-17,1,0-5,Abies sp.,124,Y,D,,,JMP,
1264,MIXMIX,10-Jul-17,1,10-May,Pinus ponderosa,124,Y,H,,,JMP,
1265,MIXMIX,10-Jul-17,1,15-Oct,Pinaceae,64,Y,D,,,JMP,
1266,MIXMIX,10-Jul-17,1,15-20,Abies concolor,56,Y,UH,,,JMP,
1267,MIXMIX,10-Jul-17,1,15-20,Abies sp.,88,Y,H,,,JMP,
1268,MIXMIX,10-Jul-17,1,25-30,Abies concolor,67,Y,H,,,JMP,
1269,MIXMIX,10-Jul-17,1,25-30,Abies magnifica,30,Y,D,,,JMP,
1270,MIXMIX,10-Jul-17,1,45-50,Abies magnifica,49,Y,H,,,JMP,
1271,MIXMIX,10-Jul-17,1,45-50,Abies magnifica,72,Y,H,,,JMP,
1272,MIXMIX,10-Jul-17,2,0-5,Abies concolor,106,Y,H,,,JMP,
1273,MIXMIX,10-Jul-17,2,0-5,UNKNOWN,64,N,D,15,,JMP,
1274,MIXMIX,10-Jul-17,2,15-20,Abies concolor,34,Y,H,,,JMP,
1275,MIXMIX,10-Jul-17,2,15-20,Abies concolor,74,Y,H,,,JMP,
1276,MIXMIX,10-Jul-17,2,15-20,Abies concolor,68,Y,H,,,JMP,
1277,MIXMIX,10-Jul-17,2,20-25,Abies concolor,69,Y,H,,,JMP,
1278,MIXMIX,10-Jul-17,2,20-25,Abies concolor,62,Y,UH,,,JMP,
1279,MIXMIX,10-Jul-17,2,20-25,Pinus lambertiana,58,Y,H,,,JMP,
1280,MIXMIX,10-Jul-17,2,30-35,Abies concolor,127,Y,H,,,JMP,
1281,MIXMIX,10-Jul-17,2,40-45,Abies concolor,104,Y,H,,,JMP,
1282,MIXMIX,10-Jul-17,2,40-45,Abies concolor,107,Y,UH,,,JMP,
1283,MIXMIX,10-Jul-17,2,45-50,Pinaceae,33,Y,D,,,JMP,
1284,MIXMOR,15-Aug-17,1,0-5,Abies sp.,27.3,Y,D,,,JMP,
1285,MIXMOR,15-Aug-17,1,15-Oct,Abies sp.,34.2,Y,D,,,JMP,
1286,MIXMOR,15-Aug-17,1,20-25,Pinaceae,15.1,Y,D,,,JMP,
1287,MIXMOR,15-Aug-17,1,30-35,Pinaceae,29.4,Y,D,,,JMP,
1288,MIXMOR,15-Aug-17,1,30-35,Pinaceae,24.5,Y,D,,,JMP,
1289,MIXMOR,15-Aug-17,1,35-40,Pinus ponderosa,28,Y,H,,,JMP,
1290,MIXMOR,15-Aug-17,1,45-50,Pinus ponderosa,32.7,Y,H,,,JMP,
1291,MIXMOR,15-Aug-17,1,35-40,Pinaceae,19.8,Y,D,,,JMP,
1292,MIXMOR,15-Aug-17,1,30-35,Pinaceae,29.1,Y,D,,,JMP,
1293,MIXMOR,15-Aug-17,1,25-30,Pinaceae,28.3,Y,D,,,JMP,
1294,MIXMOR,15-Aug-17,1,20-25,Pinaceae,36,Y,D,,,JMP,
1295,MIXMOR,15-Aug-17,1,15-20,Pinaceae,27.6,Y,H,,,JMP,
1296,MIXMOR,15-Aug-17,1,15-Oct,Pinus ponderosa,142.7,Y,H,,,JMP,
1297,MIXMOR,15-Aug-17,2,10-May,Pinus ponderosa,30.5,Y,H,,,JMP,
1298,MIXMOR,15-Aug-17,2,15-20,Pinus ponderosa,39.2,Y,H,,,JMP,
1299,MIXMOR,15-Aug-17,2,20-25,Pinus ponderosa,36.9,Y,D,,,JMP,
1300,MIXMOR,15-Aug-17,2,25-30,Pinus ponderosa,16.6,Y,D,,,JMP,
1301,MIXMOR,15-Aug-17,2,25-30,Abies concolor,39.5,Y,H,,,JMP,
1302,MIXMOR,15-Aug-17,2,45-50,Pinus ponderosa,33,Y,H,,,JMP,
1303,MIXMOR,15-Aug-17,2,45-50,Pinus ponderosa,34.3,Y,H,,,JMP,
1304,MIXMOR,15-Aug-17,2,35-40,Pinus ponderosa,37.4,Y,H,,,JMP,
1305,MIXMOR,15-Aug-17,2,25-30,Pinus ponderosa,37,Y,H,,,JMP,
1306,MIXMOR,15-Aug-17,2,10-May,Pinus ponderosa,40.7,Y,H,,,JMP,
1307,MIXRAV,3-Jul-17,1,0-5,Pinus lambertiana,81,Y,D,,,JMP,
1308,MIXRAV,3-Jul-17,1,0-5,Pinus lambertiana,22,Y,D,,,JMP,
1309,MIXRAV,3-Jul-17,1,0-5,Pinus lambertiana,57,Y,D,,,JMP,
1310,MIXRAV,3-Jul-17,1,10-May,Pinus lambertiana,80,Y,D,,,JMP,
1311,MIXRAV,3-Jul-17,1,15-Oct,Pinus lambertiana,69,Y,D,,,JMP,
1312,MIXRAV,3-Jul-17,1,15-20,Pinus lambertiana,58,N,D,45,,JMP,40-50
1313,MIXRAV,3-Jul-17,1,20-25,Pinus lambertiana,92,N,D,45,,JMP,40-50
1314,MIXRAV,3-Jul-17,1,20-25,Pinus lambertiana,23,N,D,7.5,,JMP,0-10
1315,MIXRAV,3-Jul-17,1,20-25,Pinus lambertiana,80,Y,D,,,JMP,
1316,MIXRAV,3-Jul-17,1,30-35,Pinus lambertiana,16,N,D,7.5,,JMP,0-10
1317,MIXRAV,3-Jul-17,1,25-30,Pinus lambertiana,90,Y,D,,,JMP,
1318,MIXRAV,3-Jul-17,1,30-35,Calocedrus decurrens,84,Y,D,,,JMP,
1319,MIXRAV,3-Jul-17,1,30-35,Pinus lambertiana,84,Y,D,,,JMP,
1320,MIXRAV,3-Jul-17,1,30-35,Pinus lambertiana,63,Y,D,,,JMP,
1321,MIXRAV,3-Jul-17,1,40-45,Abies sp.,26,Y,D,,,JMP,
1322,MIXRAV,3-Jul-17,1,40-45,Pinus lambertiana,103,Y,H,,,JMP,
1323,MIXRAV,3-Jul-17,1,40-45,Quercus kelloggii,20,Y,D,,,JMP,
1324,MIXRAV,3-Jul-17,1,45-50,Abies sp.,43,N,D,25,,JMP,20-30
1325,MIXRAV,3-Jul-17,1,45-50,Abies sp.,38,Y,D,,,JMP,
1326,MIXRAV,3-Jul-17,2,0-5,Abies concolor,64,Y,H,,,JMP,
1327,MIXRAV,3-Jul-17,2,0-5,Abies sp.,38,Y,D,,,JMP,
1328,MIXRAV,3-Jul-17,2,10-May,Abies sp.,23,N,D,7.5,,JMP,0-10
1329,MIXRAV,3-Jul-17,2,10-May,Abies sp.,79,Y,D,,,JMP,
1330,MIXRAV,3-Jul-17,2,15-Oct,Abies sp.,36,Y,D,,,JMP,
1331,MIXRAV,3-Jul-17,2,15-Oct,Abies sp.,61,Y,D,,,JMP,
1332,MIXRAV,3-Jul-17,2,15-20,Abies sp.,67,Y,D,,,JMP,
1333,MIXRAV,3-Jul-17,2,15-20,Abies sp.,65,Y,D,,,JMP,
1334,MIXRAV,3-Jul-17,2,15-20,Abies sp.,52,Y,D,,,JMP,
1335,MIXRAV,3-Jul-17,2,20-25,UNKNOWN,26,N,D,3.2,,JMP,0-5
1336,MIXRAV,3-Jul-17,2,25-30,Abies sp.,59,Y,D,,,JMP,
1337,MIXRAV,3-Jul-17,2,25-30,Abies sp.,39,N,D,15,,JMP,20-Oct
1338,MIXRAV,3-Jul-17,2,25-30,Abies sp.,82,Y,D,,,JMP,
1339,MIXRAV,3-Jul-17,2,25-30,Abies sp.,52,Y,D,,,JMP,
1340,MIXRAV,3-Jul-17,2,25-30,Abies sp.,67,Y,D,,,JMP,
1341,MIXRAV,3-Jul-17,2,30-35,Abies sp.,58,Y,D,,,JMP,
1342,MIXRAV,3-Jul-17,2,35-40,Abies sp.,68,Y,D,,,JMP,
1343,MIXRAV,3-Jul-17,2,45-50,Abies sp.,74,Y,H,,,JMP,
1344,MIXRIV,17-Jul-17,1,10-May,Calocedrus decurrens,49,Y,UH,,,JMP,
1345,MIXRIV,17-Jul-17,1,10-May,Abies concolor,38,Y,D,,,JMP,
1346,MIXRIV,17-Jul-17,1,15-Oct,UNKNOWN,92,N,D,0.5,dead stump (estimated height from office Haley),JMP,
1347,MIXRIV,17-Jul-17,1,15-20,UNKNOWN,58,Y,D,,Lodgepole?,JMP,
1348,MIXRIV,17-Jul-17,1,15-20,UNKNOWN,38,Y,D,,Lodgepole?,JMP,
1349,MIXRIV,17-Jul-17,1,25-30,UNKNOWN,66,Y,D,,Lodgepole?,JMP,
1350,MIXRIV,17-Jul-17,1,25-30,UNKNOWN,28,N,D,20,"no branches, to burnt to ID",JMP,
1351,MIXRIV,17-Jul-17,1,25-30,UNKNOWN,66,N,D,10,,JMP,
1352,MIXRIV,17-Jul-17,1,25-30,Calocedrus decurrens,42,Y,UH,,,JMP,
1353,MIXRIV,17-Jul-17,1,40-45,Calocedrus decurrens,32,Y,UH,,,JMP,
1354,MIXRIV,17-Jul-17,1,45-50,Calocedrus decurrens,31,Y,UH,,,JMP,
1355,MIXRIV,17-Jul-17,1,40-45,Abies concolor,74,Y,H,,,JMP,
1356,MIXRIV,17-Jul-17,1,40-45,Calocedrus decurrens,29,Y,UH,,,JMP,
1357,MIXRIV,17-Jul-17,1,35-40,Abies concolor,43,Y,UH,,,JMP,
1358,MIXRIV,17-Jul-17,1,35-40,Abies sp.,89,Y,D,,,JMP,
1359,MIXRIV,17-Jul-17,1,30-35,Abies sp.,26,Y,D,,,JMP,
1360,MIXRIV,17-Jul-17,1,25-30,Pseudotsuga menziesii,73,Y,UH,,,JMP,
1361,MIXRIV,17-Jul-17,1,15-20,Abies sp.,53,Y,D,,,JMP,
1362,MIXRIV,17-Jul-17,1,15-20,Abies sp.,47,Y,D,,,JMP,
1363,MIXRIV,17-Jul-17,1,15-20,UNKNOWN,145,Y,D,,,JMP,
1364,MIXRIV,17-Jul-17,1,15-Oct,Pseudotsuga menziesii,95,Y,H,,,JMP,
1365,MIXRIV,17-Jul-17,1,10-May,Pseudotsuga menziesii,29.5,Y,D,,,JMP,
1366,MIXRIV,17-Jul-17,2,0-5,Abies concolor,27,Y,UH,,,JMP,
1367,MIXRIV,17-Jul-17,2,0-5,UNKNOWN,58,N,D,6,stump,JMP,
1368,MIXRIV,17-Jul-17,2,10-May,Quercus kelloggii,74,Y,H,,,JMP,
1369,MIXRIV,17-Jul-17,2,15-Oct,Sequoiadendron giganteum,62,Y,H,,,JMP,
1370,MIXRIV,17-Jul-17,2,20-25,Quercus kelloggii,43,Y,D,,,JMP,
1371,MIXRIV,17-Jul-17,2,20-25,Quercus kelloggii,29,Y,D,,,JMP,
1372,MIXRIV,17-Jul-17,2,25-30,Abies concolor,25,N,D,4,,JMP,
1373,MIXRIV,17-Jul-17,2,30-35,UNKNOWN,84,Y,D,,,JMP,
1374,MIXRIV,17-Jul-17,2,30-35,Abies concolor,40,Y,UH,,,JMP,
1375,MIXRIV,17-Jul-17,2,35-40,Calocedrus decurrens,34,Y,D,,,JMP,
1376,MIXRIV,17-Jul-17,2,35-40,UNKNOWN,37,N,D,3,stump,JMP,
1377,MIXRIV,17-Jul-17,2,40-45,Abies sp.,22,Y,D,,,JMP,
1378,MIXRIV,17-Jul-17,2,40-45,Abies sp.,60,Y,D,,,JMP,
1379,MIXRIV,17-Jul-17,2,40-45,Abies concolor,26,Y,D,,,JMP,
1380,MIXRIV,17-Jul-17,2,45-50,Calocedrus decurrens,25,Y,D,,,JMP,
1381,MIXRIV,17-Jul-17,2,45-50,Abies concolor,53,Y,UH,,,JMP,
1382,MIXRIV,17-Jul-17,2,45-50,Abies sp.,36,Y,UH,,,JMP,
1383,MIXRIV,17-Jul-17,2,45-50,Abies concolor,31,Y,H,,,JMP,
1384,MIXRIV,17-Jul-17,2,45-50,Abies sp.,31,Y,D,,,JMP,
1385,MIXRIV,17-Jul-17,2,45-50,Abies sp.,50,Y,D,,,JMP,
1386,MIXRIV,17-Jul-17,2,40-45,Pinus lambertiana,158,Y,H,,,JMP,
1387,MIXRIV,17-Jul-17,2,40-45,Sequoiadendron giganteum,121,Y,H,,,JMP,
1388,MIXRIV,17-Jul-17,2,40-45,Sequoiadendron giganteum,96,Y,H,,,JMP,
1389,MIXRIV,17-Jul-17,2,35-40,Abies sp.,34,Y,D,,,JMP,
1390,MIXRIV,17-Jul-17,2,30-35,Sequoiadendron giganteum,97,Y,H,,,JMP,
1391,MIXRIV,17-Jul-17,2,30-35,Abies sp.,34,Y,D,,,JMP,
1392,MIXRIV,17-Jul-17,2,30-35,Quercus kelloggii,21,N,D,8,,JMP,
1393,MIXRIV,17-Jul-17,2,20-25,Calocedrus decurrens,29,Y,H,,,JMP,
1394,MIXRIV,17-Jul-17,2,20-25,Abies concolor,34,Y,H,,,JMP,
1395,MIXRIV,17-Jul-17,2,15-20,Calocedrus decurrens,23,Y,D,,,JMP,
1396,MIXRIV,17-Jul-17,2,15-20,Calocedrus decurrens,18,N,D,4,,JMP,
1397,MIXRIV,17-Jul-17,2,15-20,UNKNOWN,15,Y,D,,,JMP,
1398,MIXRIV,17-Jul-17,2,15-Oct,Abies concolor,85,Y,H,,,JMP,
1399,MIXRIV,17-Jul-17,2,10-May,Calocedrus decurrens,35,Y,D,,,JMP,
1400,MIXRIV,17-Jul-17,2,10-May,Abies sp.,22,Y,D,,,JMP,
1401,MIXRIV,17-Jul-17,2,0-5,Abies sp.,53,N,D,14,,JMP,
1402,MIXRIV,17-Jul-17,2,0-5,Abies concolor,40,Y,UH,,,JMP,
1403,MIXRIV,17-Jul-17,2,0-5,Abies concolor,29,Y,UH,,,JMP,
1404,MIXWAT,7-Aug-17,1,0-5,Abies sp.,17.5,Y,D,,,JMP,
1405,MIXWAT,7-Aug-17,1,0-5,Pseudotsuga menziesii,28.5,Y,H,,,JMP,
1406,MIXWAT,7-Aug-17,1,0-5,Abies concolor,57,Y,H,,,JMP,
1407,MIXWAT,7-Aug-17,1,10-May,Abies concolor,54,Y,H,,,JMP,
1408,MIXWAT,7-Aug-17,1,15-Oct,Abies concolor,16,Y,D,,,JMP,
1409,MIXWAT,7-Aug-17,1,15-Oct,Abies concolor,63,Y,H,,,JMP,
1410,MIXWAT,7-Aug-17,1,15-Oct,Abies concolor,17,Y,D,,,JMP,
1411,MIXWAT,7-Aug-17,1,15-20,Abies concolor,64,Y,H,,,JMP,
1412,MIXWAT,7-Aug-17,1,25-30,Abies concolor,76,Y,H,,,JMP,
1413,MIXWAT,7-Aug-17,1,25-30,Abies concolor,25,Y,D,,,JMP,
1414,MIXWAT,7-Aug-17,1,25-30,Abies concolor,74,Y,H,,,JMP,
1415,MIXWAT,7-Aug-17,1,35-40,Abies concolor,20.5,Y,D,,,JMP,
1416,MIXWAT,7-Aug-17,1,40-45,Abies concolor,16,Y,D,,,JMP,
1417,MIXWAT,7-Aug-17,1,45-50,Pseudotsuga menziesii,52,Y,H,,,JMP,
1418,MIXWAT,7-Aug-17,1,45-50,Quercus kelloggii,25,Y,D,,,JMP,
1419,MIXWAT,7-Aug-17,1,45-50,Quercus kelloggii,27,N,D,6,,JMP,
1420,MIXWAT,7-Aug-17,1,45-50,Quercus kelloggii,15.5,Y,D,,,JMP,
1421,MIXWAT,7-Aug-17,1,45-50,Pseudotsuga menziesii,21,Y,D,,,JMP,
1422,MIXWAT,7-Aug-17,1,45-50,Pseudotsuga menziesii,52,Y,H,,,JMP,
1423,MIXWAT,7-Aug-17,1,35-40,Abies concolor,63,Y,D,,,JMP,
1424,MIXWAT,7-Aug-17,1,35-40,Pseudotsuga menziesii,34,Y,H,,,JMP,
1425,MIXWAT,7-Aug-17,1,35-40,Pseudotsuga menziesii,37,Y,H,,,JMP,
1426,MIXWAT,7-Aug-17,1,35-40,Abies concolor,54,Y,H,,,JMP,
1427,MIXWAT,7-Aug-17,1,30-35,Pseudotsuga menziesii,62,Y,H,,,JMP,
1428,MIXWAT,7-Aug-17,1,30-35,Abies concolor,89,Y,H,,,JMP,
1429,MIXWAT,7-Aug-17,1,25-30,Abies concolor,23,Y,D,,,JMP,
1430,MIXWAT,7-Aug-17,1,25-30,Abies concolor,25,Y,D,,,JMP,
1431,MIXWAT,7-Aug-17,1,20-25,Abies concolor,31,Y,H,,,JMP,
1432,MIXWAT,7-Aug-17,1,20-25,Abies concolor,18,Y,D,,,JMP,
1433,MIXWAT,7-Aug-17,1,20-25,Pseudotsuga menziesii,64,Y,H,,,JMP,
1434,MIXWAT,7-Aug-17,1,15-20,Calocedrus decurrens,30,Y,H,,,JMP,
1435,MIXWAT,7-Aug-17,1,15-20,Calocedrus decurrens,20,Y,H,,,JMP,
1436,MIXWAT,7-Aug-17,1,15-Oct,Calocedrus decurrens,17,Y,D,,,JMP,
1437,MIXWAT,7-Aug-17,1,15-Oct,Calocedrus decurrens,21,Y,H,,,JMP,
1438,MIXWAT,7-Aug-17,1,10-May,Pseudotsuga menziesii,54,Y,D,,,JMP,
1439,MIXWAT,7-Aug-17,1,10-May,Quercus kelloggii,67,Y,H,,,JMP,
1440,MIXWAT,7-Aug-17,1,10-May,Pseudotsuga menziesii,41,Y,H,,,JMP,
1441,MIXWAT,7-Aug-17,1,10-May,Calocedrus decurrens,28,Y,H,,,JMP,
1442,MIXWAT,7-Aug-17,1,10-May,Abies concolor,48,Y,H,,,JMP,
1443,MIXWAT,7-Aug-17,1,0-5,Abies concolor,48,Y,H,,,JMP,
1444,MIXWAT,7-Aug-17,1,0-5,Abies concolor,40.5,Y,H,,,JMP,
1445,MIXWAT,7-Aug-17,1,0-5,Quercus kelloggii,21,N,D,5,,JMP,
1446,MIXWAT,7-Aug-17,1,0-5,Pseudotsuga menziesii,46,Y,H,,,JMP,
1447,MIXWAT,7-Aug-17,1,0-5,Pseudotsuga menziesii,18.5,Y,D,,,JMP,
1448,MIXWAT,7-Aug-17,1,0-5,Calocedrus decurrens,22,Y,H,,,JMP,
1449,MIXWAT,7-Aug-17,2,10-May,Abies magnifica,40.2,Y,H,,,JMP,
1450,MIXWAT,7-Aug-17,2,20-25,Abies magnifica,51.1,Y,H,,,JMP,
1451,MIXWAT,7-Aug-17,2,20-25,Calocedrus decurrens,18.4,Y,D,,,JMP,
1452,MIXWAT,7-Aug-17,2,20-25,Quercus kelloggii,31,N,D,6.5,,JMP,
1453,MIXWAT,7-Aug-17,2,25-30,Calocedrus decurrens,21.4,Y,D,,,JMP,
1454,MIXWAT,7-Aug-17,2,25-30,Abies concolor,37.9,Y,H,,,JMP,
1455,MIXWAT,7-Aug-17,2,25-30,Quercus kelloggii,36.3,Y,D,,,JMP,
1456,MIXWAT,7-Aug-17,2,25-30,Calocedrus decurrens,17.6,Y,D,,,JMP,
1457,MIXWAT,7-Aug-17,2,30-35,Pinus lambertiana,81.5,Y,H,,,JMP,
1458,MIXWAT,7-Aug-17,2,30-35,Pinus lambertiana,47,Y,H,,,JMP,
1459,MIXWAT,7-Aug-17,2,35-40,Abies concolor,65.4,Y,H,,,JMP,
1460,MIXWAT,7-Aug-17,2,35-40,Abies concolor,38.3,Y,D,,,JMP,
1461,MIXWAT,7-Aug-17,2,40-45,Abies concolor,51,Y,D,,,JMP,
1462,MIXWAT,7-Aug-17,2,40-45,Abies concolor,32.3,Y,D,,,JMP,
1463,MIXWAT,7-Aug-17,2,40-45,Abies magnifica,52.5,Y,H,,,JMP,
1464,MIXWAT,7-Aug-17,2,40-45,Abies concolor,67.2,Y,H,,,JMP,
1465,MIXWAT,7-Aug-17,2,40-45,Abies concolor,28.5,Y,D,,,JMP,
1466,MIXWAT,7-Aug-17,2,45-50,Abies sp.,36.4,Y,D,,,JMP,
1467,MIXWAT,7-Aug-17,2,40-45,Pseudotsuga menziesii,42,Y,H,,,JMP,
1468,MIXWAT,7-Aug-17,2,35-40,Calocedrus decurrens,28.1,Y,D,,,JMP,
1469,MIXWAT,7-Aug-17,2,35-40,Pseudotsuga menziesii,68,Y,H,,,JMP,
1470,MIXWAT,7-Aug-17,2,35-40,Abies concolor,39.4,Y,H,,,JMP,
1471,MIXWAT,7-Aug-17,2,30-35,Pinus lambertiana,102.7,Y,H,,,JMP,
1472,MIXWAT,7-Aug-17,2,15-20,Abies concolor,54,Y,H,,,JMP,
1473,MIXWAT,7-Aug-17,2,15-Oct,Pseudotsuga menziesii,45,Y,H,,,JMP,
1474,MIXWAT,7-Aug-17,2,10-May,Abies concolor,59.5,Y,H,,,JMP,
1475,MIXWAT,7-Aug-17,2,0-5,Pseudotsuga menziesii,65.8,Y,H,,,JMP,
1476,MIXWAT,7-Aug-17,2,0-5,Pseudotsuga menziesii,28,Y,H,,,JMP,
1477,MIXWAT,7-Aug-17,2,0-5,Abies sp.,19.5,Y,D,,,JMP,
1478,MIXWAT,7-Aug-17,2,0-5,Abies sp.,34,Y,D,,,JMP,
