region,block,severity,site,site.name,previous.names
Belt,belt,unb,GRNHOU,Houses,Green2
Belt,belt,unb,GRNMAS,Mastication,Green1
Belt,belt,unb,GRNTUR,Turn-out,Green3
Belt,belt,high,HICORN,Corner,
Belt,belt,high,HIDODD,Dodder,Snake
Belt,belt,high,HITEDD,Ted,Stix
Belt,belt,mod,MIXBUS,Bus,
Belt,belt,mod,MIXMIX,Mixed,
Belt,belt,mod,MIXMOR,Morel,
Devil's Peak,dp,unb,GRNCAR,Car Keys,
Devil's Peak,dp,unb,GRNKAN,Kanye,West
Devil's Peak,dp,unb,GRNWOO,Woodpile,
Devil's Peak,dp,high,HICOWS,Cows,
Devil's Peak,dp,high,HISQUE,Squeeze,
Devil's Peak,dp,high,HIWALK,Walk-in,
Devil's Peak,dp,mod,MIXDP2,DP2,
Devil's Peak,dp,mod,MIXMID,Middle,
Devil's Peak,dp,mod,MIXRAV,Ravine,
High Meadows,hm,unb,GRNDAM,Dam,
High Meadows,hm,unb,GRNQUA,Quail,North
High Meadows,hm,unb,GRNSNO,Snow,
High Meadows,hm,high,HIBADR,Bad Road,
High Meadows,hm,high,HICAMP,Campground,
High Meadows,hm,high,HISHRU,Shrub,Bat
High Meadows,hm,mod,MIXBUT,Butterfly,
High Meadows,hm,mod,MIXRIV,River Crossing,
High Meadows,hm,mod,MIXWAT,Waterfall,Middle Meadows
