site,severity,date,trap,indID,species,binomial,binomial_short,family,age,recap,weight,comments
GRNCAR,unb,2017-09-07,J9,842,PEMA,Peromyscus maniculatus,P. maniculatus,Cricetidae,A,N,18,NA
GRNCAR,unb,2017-09-07,J3,761,PEMA,Peromyscus maniculatus,P. maniculatus,Cricetidae,A,Y,15,NA
GRNCAR,unb,2017-09-07,J6,830,PEMA,Peromyscus maniculatus,P. maniculatus,Cricetidae,A,Y,24,NA
GRNCAR,unb,2017-09-07,B2,850,PEMA,Peromyscus maniculatus,P. maniculatus,Cricetidae,A,N,19,NA
GRNCAR,unb,2017-09-07,J1,759,PEMA,Peromyscus maniculatus,P. maniculatus,Cricetidae,A,Y,18,NA
GRNDAM,unb,2017-08-31,A1,CLIP-3,SOTR,Sorex trowbridgii,S. trowbridgii,Soricidae,A,N,4,NA
GRNDAM,unb,2017-08-31,A3,991,NEFU,Neotoma fuscipes,N. fuscipes,Cricetidae,S,N,155,NA
GRNDAM,unb,2017-08-31,A6,987,PEMA,Peromyscus maniculatus,P. maniculatus,Cricetidae,A,Y,17,NA
GRNDAM,unb,2017-08-31,A10,995,PEMA,Peromyscus maniculatus,P. maniculatus,Cricetidae,A,Y,18,NA
GRNDAM,unb,2017-08-31,B10,963,PEMA,Peromyscus maniculatus,P. maniculatus,Cricetidae,A,Y,18,bald patch
GRNDAM,unb,2017-08-31,C1,990,PEMA,Peromyscus maniculatus,P. maniculatus,Cricetidae,A,Y,17,NA
GRNDAM,unb,2017-08-31,G10,839,PEMA,Peromyscus maniculatus,P. maniculatus,Cricetidae,A,Y,13,NA
GRNDAM,unb,2017-08-31,E3,965,PEMA,Peromyscus maniculatus,P. maniculatus,Cricetidae,S,Y,12,NA
GRNDAM,unb,2017-08-31,E8,893,PEMA,Peromyscus maniculatus,P. maniculatus,Cricetidae,A,Y,15,NA
GRNDAM,unb,2017-08-31,F9,886,PEMA,Peromyscus maniculatus,P. maniculatus,Cricetidae,A,Y,18,NA
GRNDAM,unb,2017-08-31,I1,838,PEMA,Peromyscus maniculatus,P. maniculatus,Cricetidae,A,Y,15,NA
GRNDAM,unb,2017-08-31,G1,183,PEMA,Peromyscus maniculatus,P. maniculatus,Cricetidae,A,Y,16,NA
GRNHOU,unb,2017-07-27,J6,CLIP-6,SOTR,Sorex trowbridgii,S. trowbridgii,Soricidae,A,N,5,shrew
GRNHOU,unb,2017-07-27,J9,114,PEBO,Peromyscus boylii,P. boylii,Cricetidae,A,N,17,gray with yellow flanks; escaped
GRNHOU,unb,2017-07-27,I2,117,PEMA,Peromyscus maniculatus,P. maniculatus,Cricetidae,A,Y,12,escaped
GRNHOU,unb,2017-07-27,H4,DAY3-1,PEMA,Peromyscus maniculatus,P. maniculatus,Cricetidae,NA,N,NA,escaped
GRNHOU,unb,2017-07-27,H8,421,PEMA,Peromyscus maniculatus,P. maniculatus,Cricetidae,A,N,13,NA
GRNHOU,unb,2017-07-27,G1,193,PEMA,Peromyscus maniculatus,P. maniculatus,Cricetidae,A,Y,16,yellow flanks
GRNHOU,unb,2017-07-27,A1,025,PEMA,Peromyscus maniculatus,P. maniculatus,Cricetidae,A,Y,13,very small
GRNHOU,unb,2017-07-27,A2,185,PEBO,Peromyscus boylii,P. boylii,Cricetidae,A,N,27,hind foot = 20mm; ear = 18mm; hairy tail
GRNHOU,unb,2017-07-27,A3,177,NEQU,Neotamias quadrimaculatus,N. quadrimaculatus,Sciuridae,A,Y,84,NA
GRNHOU,unb,2017-07-27,A8,DAY3-2,SOTR,Sorex trowbridgii,S. trowbridgii,Soricidae,A,N,6,NA
GRNHOU,unb,2017-07-27,A9,004,NEQU,Neotamias quadrimaculatus,N. quadrimaculatus,Sciuridae,A,Y,90,NA
GRNHOU,unb,2017-07-27,D4,180,GLSA,Glaucomys sabrinus,G. sabrinus,Sciuridae,A,Y,98,NA
GRNHOU,unb,2017-07-27,C8,402,PEMA,Peromyscus maniculatus,P. maniculatus,Cricetidae,S,Y,11,NA
GRNHOU,unb,2017-07-27,E5,045,PEMA,Peromyscus maniculatus,P. maniculatus,Cricetidae,A,Y,12,NA
GRNHOU,unb,2017-07-27,D6,042,PEMA,Peromyscus maniculatus,P. maniculatus,Cricetidae,A,Y,16,NA
GRNKAN,unb,2017-08-03,C10,496,PEMA,Peromyscus maniculatus,P. maniculatus,Cricetidae,A,N,16,NA
GRNKAN,unb,2017-08-03,E1,492,PEBO,Peromyscus boylii,P. boylii,Cricetidae,A,N,18,NA
GRNKAN,unb,2017-08-03,F1,292,PEMA,Peromyscus maniculatus,P. maniculatus,Cricetidae,A,N,18,NA
GRNKAN,unb,2017-08-03,F9,393,PEMA,Peromyscus maniculatus,P. maniculatus,Cricetidae,A,N,16,NA
GRNKAN,unb,2017-08-03,I4,377,PEBO,Peromyscus boylii,P. boylii,Cricetidae,A,Y,18,NA
GRNKAN,unb,2017-08-03,H7,405,PEBO,Peromyscus boylii,P. boylii,Cricetidae,A,N,16,NA
GRNKAN,unb,2017-08-03,H10,488,PEMA,Peromyscus maniculatus,P. maniculatus,Cricetidae,A,Y,14,PEBO or REME
GRNMAS,unb,2017-08-17,C10,KING-096,SOTR,Sorex trowbridgii,S. trowbridgii,Soricidae,A,N,6,died; possibly testicular (stinky)
GRNMAS,unb,2017-08-17,I2,752,PEMA,Peromyscus maniculatus,P. maniculatus,Cricetidae,A,Y,17,NA
GRNMAS,unb,2017-08-17,H2,753,PEMA,Peromyscus maniculatus,P. maniculatus,Cricetidae,S,Y,17,NA
GRNMAS,unb,2017-08-17,G5,829,PEMA,Peromyscus maniculatus,P. maniculatus,Cricetidae,S,N,10,NA
GRNMAS,unb,2017-08-17,F5,280,PEMA,Peromyscus maniculatus,P. maniculatus,Cricetidae,S,Y,17,NA
GRNMAS,unb,2017-08-17,E3,662,PEMA,Peromyscus maniculatus,P. maniculatus,Cricetidae,S,Y,15,very still
GRNMAS,unb,2017-08-17,J1,KING-076,SOTR,Sorex trowbridgii,S. trowbridgii,Soricidae,A,N,NA,kind of smelly
GRNMAS,unb,2017-08-17,B8,657,PEMA,Peromyscus maniculatus,P. maniculatus,Cricetidae,S,Y,15,NA
GRNMAS,unb,2017-08-17,B4,673,PEMA,Peromyscus maniculatus,P. maniculatus,Cricetidae,A,Y,18,NA
GRNMAS,unb,2017-08-17,D8,803,PEBO,Peromyscus boylii,P. boylii,Cricetidae,A,Y,16,NA
GRNMAS,unb,2017-08-17,F10,755,PEMA,Peromyscus maniculatus,P. maniculatus,Cricetidae,S,N,13,NA
GRNMAS,unb,2017-08-17,E2,664,PEMA,Peromyscus maniculatus,P. maniculatus,Cricetidae,A,Y,18,NA
GRNQUA,unb,2017-08-10,A4,238,PEMA,Peromyscus maniculatus,P. maniculatus,Cricetidae,A,N,20,NA
GRNQUA,unb,2017-08-10,B4,086,PEMA,Peromyscus maniculatus,P. maniculatus,Cricetidae,A,Y,18,NA
GRNQUA,unb,2017-08-10,B2,339,PEMA,Peromyscus maniculatus,P. maniculatus,Cricetidae,A,Y,17,huge ears
GRNQUA,unb,2017-08-10,C10,KING-079,SOTR,Sorex trowbridgii,S. trowbridgii,Soricidae,A,N,NA,dead; looks like recap; maybe from GRNSNO?
GRNQUA,unb,2017-08-10,C1,314,PEMA,Peromyscus maniculatus,P. maniculatus,Cricetidae,A,N,16,NA
GRNQUA,unb,2017-08-10,D2,290,PEMA,Peromyscus maniculatus,P. maniculatus,Cricetidae,A,N,16,NA
GRNQUA,unb,2017-08-10,D3,211,PEMA,Peromyscus maniculatus,P. maniculatus,Cricetidae,A,Y,14,NA
GRNQUA,unb,2017-08-10,F2,KING-003,SOTR,Sorex trowbridgii,S. trowbridgii,Soricidae,A,N,5,dead
GRNQUA,unb,2017-08-10,F9,282,PEMA,Peromyscus maniculatus,P. maniculatus,Cricetidae,A,Y,18,NA
GRNQUA,unb,2017-08-10,G10,080,PEMA,Peromyscus maniculatus,P. maniculatus,Cricetidae,A,Y,23,NA
GRNQUA,unb,2017-08-10,G6,378,PEMA,Peromyscus maniculatus,P. maniculatus,Cricetidae,A,Y,15,NA
GRNQUA,unb,2017-08-10,J1,704,PEMA,Peromyscus maniculatus,P. maniculatus,Cricetidae,A,N,22,could be recap; had holes in left ear where tag would be
GRNQUA,unb,2017-08-10,J9,448,PEMA,Peromyscus maniculatus,P. maniculatus,Cricetidae,A,Y,14,NA
GRNQUA,unb,2017-08-10,H9,169,PEMA,Peromyscus maniculatus,P. maniculatus,Cricetidae,A,Y,22,NA
GRNQUA,unb,2017-08-10,H6,289,PEMA,Peromyscus maniculatus,P. maniculatus,Cricetidae,A,Y,18,NA
GRNQUA,unb,2017-08-10,I2,214,PEMA,Peromyscus maniculatus,P. maniculatus,Cricetidae,A,Y,20,NA
GRNQUA,unb,2017-08-10,G1,243,PEMA,Peromyscus maniculatus,P. maniculatus,Cricetidae,A,Y,16,dead in trap; no fluff and trap in shaded area --> hypothermia? Could possibly not have been checked yesterday. Hard to stretch body to measure body length.
GRNQUA,unb,2017-08-10,G3,317,PEMA,Peromyscus maniculatus,P. maniculatus,Cricetidae,A,Y,24,NA
GRNSNO,unb,2017-07-20,B3,391,PEMA,Peromyscus maniculatus,P. maniculatus,Cricetidae,A,Y,14,NA
GRNSNO,unb,2017-07-20,C2,011,PEMA,Peromyscus maniculatus,P. maniculatus,Cricetidae,A,Y,17,NA
GRNSNO,unb,2017-07-20,C7,338,PEMA,Peromyscus maniculatus,P. maniculatus,Cricetidae,A,Y,14,NA
GRNSNO,unb,2017-07-20,G2,197,PEMA,Peromyscus maniculatus,P. maniculatus,Cricetidae,A,Y,21,NA
GRNSNO,unb,2017-07-20,F2,388,PEMA,Peromyscus maniculatus,P. maniculatus,Cricetidae,A,Y,17,NA
GRNSNO,unb,2017-07-20,F1,184,PEMA,Peromyscus maniculatus,P. maniculatus,Cricetidae,A,Y,16,NA
GRNSNO,unb,2017-07-20,J1,332,PEMA,Peromyscus maniculatus,P. maniculatus,Cricetidae,A,Y,14,NA
GRNSNO,unb,2017-07-20,J3,327,PEMA,Peromyscus maniculatus,P. maniculatus,Cricetidae,A,Y,21,NA
GRNSNO,unb,2017-07-20,J8,182,PEMA,Peromyscus maniculatus,P. maniculatus,Cricetidae,A,Y,19,NA
GRNSNO,unb,2017-07-20,J10,281,PEMA,Peromyscus maniculatus,P. maniculatus,Cricetidae,S,Y,18,NA
GRNSNO,unb,2017-07-20,I8,191,PEMA,Peromyscus maniculatus,P. maniculatus,Cricetidae,A,Y,18,NA
GRNSNO,unb,2017-07-20,I2,348,PEMA,Peromyscus maniculatus,P. maniculatus,Cricetidae,A,Y,11,NA
GRNSNO,unb,2017-07-20,H4,489,PEMA,Peromyscus maniculatus,P. maniculatus,Cricetidae,A,Y,19,NA
GRNSNO,unb,2017-07-20,H6,295,PEMA,Peromyscus maniculatus,P. maniculatus,Cricetidae,A,N,15,NA
GRNSNO,unb,2017-07-20,G7,296,PEMA,Peromyscus maniculatus,P. maniculatus,Cricetidae,A,Y,18,NA
GRNTUR,unb,2017-07-13,C9,355,PEMA,Peromyscus maniculatus,P. maniculatus,Cricetidae,A,Y,16,NA
GRNTUR,unb,2017-07-13,J8,215,PEMA,Peromyscus maniculatus,P. maniculatus,Cricetidae,A,Y,16,NA
GRNTUR,unb,2017-07-13,H1,487,PEMA,Peromyscus maniculatus,P. maniculatus,Cricetidae,A,Y,16,NA
GRNTUR,unb,2017-07-13,H7,224,PEMA,Peromyscus maniculatus,P. maniculatus,Cricetidae,S,N,11,NA
GRNTUR,unb,2017-07-13,G6,218,PEMA,Peromyscus maniculatus,P. maniculatus,Cricetidae,A,N,17,NA
GRNWOO,unb,2017-07-06,A2,155,PEMA,Peromyscus maniculatus,P. maniculatus,Cricetidae,A,Y,20,no tail
GRNWOO,unb,2017-07-06,A6,436,PEBO,Peromyscus boylii,P. boylii,Cricetidae,A,Y,18,chewed off end of tail?
GRNWOO,unb,2017-07-06,C6,468,PEBO,Peromyscus boylii,P. boylii,Cricetidae,S,N,12,NA
GRNWOO,unb,2017-07-06,J1,473,PEBO,Peromyscus boylii,P. boylii,Cricetidae,A,N,7,NA
GRNWOO,unb,2017-07-06,J7,DAY3-3,SOTR,Sorex trowbridgii,S. trowbridgii,Soricidae,A,N,1,given pedialyte
GRNWOO,unb,2017-07-06,E2,167,PEMA,Peromyscus maniculatus,P. maniculatus,Cricetidae,S,Y,14,NA
GRNWOO,unb,2017-07-06,J9,154,PEMA,Peromyscus maniculatus,P. maniculatus,Cricetidae,A,Y,16,NA
GRNWOO,unb,2017-07-06,E1,168,NEFU,Neotoma fuscipes,N. fuscipes,Cricetidae,A,Y,210,NA
HIBADR,high,2017-08-31,A1,735,NESE,Neotamias senex,N. senex,Sciuridae,S,Y,66,NA
HIBADR,high,2017-08-31,I2,996,PEMA,Peromyscus maniculatus,P. maniculatus,Cricetidae,S,N,13,NA
HIBADR,high,2017-08-31,E2,KING-121,PEMA,Peromyscus maniculatus,P. maniculatus,Cricetidae,A,N,NA,mort
HIBADR,high,2017-08-31,C2,807,PEMA,Peromyscus maniculatus,P. maniculatus,Cricetidae,A,Y,NA,mort
HIBADR,high,2017-08-31,A2,757,PEMA,Peromyscus maniculatus,P. maniculatus,Cricetidae,A,Y,22,NA
HIBADR,high,2017-08-31,J3,971,PEMA,Peromyscus maniculatus,P. maniculatus,Cricetidae,A,N,15,NA
HIBADR,high,2017-08-31,G4,771,PEMA,Peromyscus maniculatus,P. maniculatus,Cricetidae,A,Y,NA,mort
HIBADR,high,2017-08-31,B5,739,PEMA,Peromyscus maniculatus,P. maniculatus,Cricetidae,A,Y,19,NA
HIBADR,high,2017-08-31,J10,887,PEMA,Peromyscus maniculatus,P. maniculatus,Cricetidae,A,Y,18,NA
HIBADR,high,2017-08-31,D10,773,PEMA,Peromyscus maniculatus,P. maniculatus,Cricetidae,S,N,12,NA
HIBADR,high,2017-08-31,C10,756,PEMA,Peromyscus maniculatus,P. maniculatus,Cricetidae,S,N,12,NA
HIBADR,high,2017-08-31,A9,825,PEMA,Peromyscus maniculatus,P. maniculatus,Cricetidae,A,N,18,NA
HIBADR,high,2017-08-31,E9,900,PEMA,Peromyscus maniculatus,P. maniculatus,Cricetidae,A,N,20,NA
HIBADR,high,2017-08-31,I9,818,OTBE,Otospermophilus beecheyi,O. beecheyi,Cricetidae,A,N,457,claws ripped off
HIBADR,high,2017-08-31,D8,768,OTBE,Otospermophilus beecheyi,O. beecheyi,Cricetidae,S,Y,287,NA
HIBADR,high,2017-08-31,E6,767,OTBE,Otospermophilus beecheyi,O. beecheyi,Cricetidae,S,Y,293,NA
HICAMP,high,2017-06-29,I10,454452,PEMA,Peromyscus maniculatus,P. maniculatus,Cricetidae,A,Y,21,NA
HICAMP,high,2017-06-29,E8,144279,PEMA,Peromyscus maniculatus,P. maniculatus,Cricetidae,S,N,15,NA
HICAMP,high,2017-06-29,H1,360126,PEMA,Peromyscus maniculatus,P. maniculatus,Cricetidae,A,N,20,very brown; dorsal stripe on tail; escaped
HICAMP,high,2017-06-29,B3,297,OTBE,Otospermophilus beecheyi,O. beecheyi,Cricetidae,A,N,699,NA
HICAMP,high,2017-06-29,J4,129373,PEMA,Peromyscus maniculatus,P. maniculatus,Cricetidae,S,Y,16,NA
HICAMP,high,2017-06-29,F2,300399,PEBO,Peromyscus boylii,P. boylii,Cricetidae,A,Y,18,NA
HICAMP,high,2017-06-29,H3,111119,PEMA,Peromyscus maniculatus,P. maniculatus,Cricetidae,A,N,16,NA
HICAMP,high,2017-06-29,B7,108125,PEMA,Peromyscus maniculatus,P. maniculatus,Cricetidae,S,N,16,ear 12 mm
HICORN,high,2017-08-17,A1,743993,PEMA,Peromyscus maniculatus,P. maniculatus,Cricetidae,A,Y,18,bad left tag; tagged right ear
HICORN,high,2017-08-17,A2,989,PEMA,Peromyscus maniculatus,P. maniculatus,Cricetidae,A,Y,21,NA
HICORN,high,2017-08-17,A3,981,PEMA,Peromyscus maniculatus,P. maniculatus,Cricetidae,A,Y,18,not doing great (heat stroke and/or spinal injury); later died
HICORN,high,2017-08-17,A4,968,PEMA,Peromyscus maniculatus,P. maniculatus,Cricetidae,S,N,8,tiny grey mouse
HICORN,high,2017-08-17,A6,977,PEMA,Peromyscus maniculatus,P. maniculatus,Cricetidae,A,Y,17,NA
HICORN,high,2017-08-17,A8,888,PEMA,Peromyscus maniculatus,P. maniculatus,Cricetidae,A,Y,17,NA
HICORN,high,2017-08-17,A10,982,PEMA,Peromyscus maniculatus,P. maniculatus,Cricetidae,A,Y,19,NA
HICORN,high,2017-08-17,B6,955,PEMA,Peromyscus maniculatus,P. maniculatus,Cricetidae,A,N,14,NA
HICORN,high,2017-08-17,B5,962,PEMA,Peromyscus maniculatus,P. maniculatus,Cricetidae,A,Y,15,NA
HICORN,high,2017-08-17,B4,744,PEMA,Peromyscus maniculatus,P. maniculatus,Cricetidae,A,Y,15,huge testicles
HICORN,high,2017-08-17,C2,970,PEMA,Peromyscus maniculatus,P. maniculatus,Cricetidae,A,Y,15,NA
HICORN,high,2017-08-17,C6,959,PEMA,Peromyscus maniculatus,P. maniculatus,Cricetidae,A,Y,17,maybe regressed
HICORN,high,2017-08-17,D7,978,PEMA,Peromyscus maniculatus,P. maniculatus,Cricetidae,A,Y,15,NA
HICORN,high,2017-08-17,D5,972,PEMA,Peromyscus maniculatus,P. maniculatus,Cricetidae,A,Y,25,NA
HICORN,high,2017-08-17,D1,964,PEMA,Peromyscus maniculatus,P. maniculatus,Cricetidae,A,Y,15,early pregnancy
HICORN,high,2017-08-17,E1,997,PEMA,Peromyscus maniculatus,P. maniculatus,Cricetidae,A,Y,19,NA
HICORN,high,2017-08-17,E2,992,PEMA,Peromyscus maniculatus,P. maniculatus,Cricetidae,A,Y,14,slightly grey pelage
HICORN,high,2017-08-17,E4,899,PEMA,Peromyscus maniculatus,P. maniculatus,Cricetidae,A,Y,19,NA
HICORN,high,2017-08-17,E8,967,PEMA,Peromyscus maniculatus,P. maniculatus,Cricetidae,A,Y,18,NA
HICORN,high,2017-08-17,F6,877,PEMA,Peromyscus maniculatus,P. maniculatus,Cricetidae,A,Y,NA,dead on arrival
HICORN,high,2017-08-17,F5,983,PEMA,Peromyscus maniculatus,P. maniculatus,Cricetidae,A,N,11,SA pelage but red vulva
HICORN,high,2017-08-17,F3,994,PEMA,Peromyscus maniculatus,P. maniculatus,Cricetidae,A,N,17,NA
HICORN,high,2017-08-17,H5,KING-166,PEMA,Peromyscus maniculatus,P. maniculatus,Cricetidae,A,N,16,heatstroke - died after care
HICORN,high,2017-08-17,F1,980,PEMA,Peromyscus maniculatus,P. maniculatus,Cricetidae,A,N,22,NA
HICORN,high,2017-08-17,G1,884,PEMA,Peromyscus maniculatus,P. maniculatus,Cricetidae,A,Y,15,NA
HICORN,high,2017-08-17,G3,979,PEMA,Peromyscus maniculatus,P. maniculatus,Cricetidae,A,Y,29,NA
HICORN,high,2017-08-17,J1,969732,PEMA,Peromyscus maniculatus,P. maniculatus,Cricetidae,A,N,14,messed up left ear tag
HICORN,high,2017-08-17,J2,381,PEMA,Peromyscus maniculatus,P. maniculatus,Cricetidae,A,Y,16,NA
HICORN,high,2017-08-17,J5,726,PEMA,Peromyscus maniculatus,P. maniculatus,Cricetidae,A,Y,23,NA
HICORN,high,2017-08-17,J6,291,PEMA,Peromyscus maniculatus,P. maniculatus,Cricetidae,A,Y,21,NA
HICORN,high,2017-08-17,J7,733,PEMA,Peromyscus maniculatus,P. maniculatus,Cricetidae,A,N,26,NA
HICORN,high,2017-08-17,J9,749013,PEMA,Peromyscus maniculatus,P. maniculatus,Cricetidae,A,Y,22,2 tags
HICORN,high,2017-08-17,I10,750269,PEMA,Peromyscus maniculatus,P. maniculatus,Cricetidae,A,Y,17,2 tags
HICORN,high,2017-08-17,I4,730988,PEMA,Peromyscus maniculatus,P. maniculatus,Cricetidae,A,Y,17,2 tags
HICORN,high,2017-08-17,I3,986,PEMA,Peromyscus maniculatus,P. maniculatus,Cricetidae,A,Y,16,NA
HICORN,high,2017-08-17,I2,000,PEMA,Peromyscus maniculatus,P. maniculatus,Cricetidae,A,N,10,NA
HICORN,high,2017-08-17,I1,179,PEMA,Peromyscus maniculatus,P. maniculatus,Cricetidae,S,Y,9,NA
HICORN,high,2017-08-17,H1,746,PEMA,Peromyscus maniculatus,P. maniculatus,Cricetidae,A,Y,19,tag may say 756; illegible
HICORN,high,2017-08-17,H2,747,PEMA,Peromyscus maniculatus,P. maniculatus,Cricetidae,A,Y,10,NA
HICORN,high,2017-08-17,H3,966,PEMA,Peromyscus maniculatus,P. maniculatus,Cricetidae,A,Y,17,NA
HICORN,high,2017-08-17,H4,181,PEMA,Peromyscus maniculatus,P. maniculatus,Cricetidae,A,N,22,NA
HICORN,high,2017-08-17,G10,895,PEMA,Peromyscus maniculatus,P. maniculatus,Cricetidae,A,Y,14,NA
HICORN,high,2017-08-17,G9,953,PEMA,Peromyscus maniculatus,P. maniculatus,Cricetidae,A,Y,12,NA
HICORN,high,2017-08-17,G7,958,PEMA,Peromyscus maniculatus,P. maniculatus,Cricetidae,A,Y,11,NA
HICORN,high,2017-08-17,G4,728,PEMA,Peromyscus maniculatus,P. maniculatus,Cricetidae,A,N,10,NA
HICOWS,high,2017-08-25,J10,411,PEMA,Peromyscus maniculatus,P. maniculatus,Cricetidae,A,Y,18,NA
HICOWS,high,2017-08-25,J5,407,PEMA,Peromyscus maniculatus,P. maniculatus,Cricetidae,A,Y,16,NA
HICOWS,high,2017-08-25,G1,485,PEMA,Peromyscus maniculatus,P. maniculatus,Cricetidae,A,Y,15,small; grey
HICOWS,high,2017-08-25,B3,481,PEMA,Peromyscus maniculatus,P. maniculatus,Cricetidae,A,Y,25,NA
HICOWS,high,2017-08-25,A4,651,PEMA,Peromyscus maniculatus,P. maniculatus,Cricetidae,A,N,18,part of tail cut off; possibly PEBO
HICOWS,high,2017-08-25,C7,102,PEMA,Peromyscus maniculatus,P. maniculatus,Cricetidae,A,Y,18,NA
HICOWS,high,2017-08-25,C9,057,PETR,Peromyscus truei,P. truei,Cricetidae,A,N,18,NA
HIDODD,high,2017-07-27,B7,251,PEMA,Peromyscus maniculatus,P. maniculatus,Cricetidae,A,Y,20,right tag
HIDODD,high,2017-07-27,A7,475,PEMA,Peromyscus maniculatus,P. maniculatus,Cricetidae,A,Y,18,NA
HIDODD,high,2017-07-27,A8,461,PEMA,Peromyscus maniculatus,P. maniculatus,Cricetidae,A,Y,18,NA
HIDODD,high,2017-07-27,E10,265,PEMA,Peromyscus maniculatus,P. maniculatus,Cricetidae,A,Y,17,NA
HIDODD,high,2017-07-27,I9,469,PEMA,Peromyscus maniculatus,P. maniculatus,Cricetidae,A,Y,24,NA
HIDODD,high,2017-07-27,H9,271,PEMA,Peromyscus maniculatus,P. maniculatus,Cricetidae,A,Y,19,NA
HIDODD,high,2017-07-27,G9,371,PEMA,Peromyscus maniculatus,P. maniculatus,Cricetidae,A,Y,25,NA
HIDODD,high,2017-07-27,F9,259,PEMA,Peromyscus maniculatus,P. maniculatus,Cricetidae,A,N,16,NA
HIDODD,high,2017-07-27,E9,254,NESE,Neotamias senex,N. senex,Sciuridae,S,N,54,have photos for coloration
HIDODD,high,2017-07-27,D6,267,PEMA,Peromyscus maniculatus,P. maniculatus,Cricetidae,A,Y,20,NA
HIDODD,high,2017-07-27,C8,270,PEMA,Peromyscus maniculatus,P. maniculatus,Cricetidae,A,Y,16,NA
HIDODD,high,2017-07-27,F8,266,PEMA,Peromyscus maniculatus,P. maniculatus,Cricetidae,S,Y,14,very grey; but bicolored
HIDODD,high,2017-07-27,C7,272,PEMA,Peromyscus maniculatus,P. maniculatus,Cricetidae,A,Y,16,NA
HIDODD,high,2017-07-27,I6,141,PEMA,Peromyscus maniculatus,P. maniculatus,Cricetidae,A,Y,16,NA
HIDODD,high,2017-07-27,H5,353,PEMA,Peromyscus maniculatus,P. maniculatus,Cricetidae,A,Y,16,NA
HIDODD,high,2017-07-27,F5,137,PEMA,Peromyscus maniculatus,P. maniculatus,Cricetidae,A,Y,17,NA
HIDODD,high,2017-07-27,J4,472,NESE,Neotamias senex,N. senex,Sciuridae,A,Y,82,NA
HIDODD,high,2017-07-27,C5,139,PEMA,Peromyscus maniculatus,P. maniculatus,Cricetidae,A,Y,18,NA
HIDODD,high,2017-07-27,E4,133,PEMA,Peromyscus maniculatus,P. maniculatus,Cricetidae,A,Y,15,NA
HIDODD,high,2017-07-27,F3,136,PEBO,Peromyscus boylii,P. boylii,Cricetidae,A,N,24,ears 16mm; tail tufted at end
HIDODD,high,2017-07-27,A4,146,PEMA,Peromyscus maniculatus,P. maniculatus,Cricetidae,A,Y,16,NA
HIDODD,high,2017-07-27,C3,372,PEMA,Peromyscus maniculatus,P. maniculatus,Cricetidae,S,N,18,very grey
HIDODD,high,2017-07-27,G2,356,PEMA,Peromyscus maniculatus,P. maniculatus,Cricetidae,A,Y,12,NA
HIDODD,high,2017-07-27,J1,369,PEMA,Peromyscus maniculatus,P. maniculatus,Cricetidae,A,Y,19,NA
HIDODD,high,2017-07-27,F2,145,PEMA,Peromyscus maniculatus,P. maniculatus,Cricetidae,A,Y,25,NA
HISHRU,high,2017-08-10,E2,816,PEMA,Peromyscus maniculatus,P. maniculatus,Cricetidae,A,Y,21,NA
HISHRU,high,2017-08-10,F8,017,OTBE,Otospermophilus beecheyi,O. beecheyi,Cricetidae,A,Y,790,NA
HISHRU,high,2017-08-10,G10,822,PEMA,Peromyscus maniculatus,P. maniculatus,Cricetidae,A,Y,24,NA
HISHRU,high,2017-08-10,D10,876,PEMA,Peromyscus maniculatus,P. maniculatus,Cricetidae,A,N,17,NA
HISHRU,high,2017-08-10,G5,374,PEMA,Peromyscus maniculatus,P. maniculatus,Cricetidae,A,Y,16,NA
HISHRU,high,2017-08-10,J10,709,PEMA,Peromyscus maniculatus,P. maniculatus,Cricetidae,A,Y,17,NA
HISHRU,high,2017-08-10,I2,804,PEMA,Peromyscus maniculatus,P. maniculatus,Cricetidae,A,Y,18,NA
HISHRU,high,2017-08-10,I7,718,PEMA,Peromyscus maniculatus,P. maniculatus,Cricetidae,A,Y,19,NA
HISHRU,high,2017-08-10,H2,368,PEMA,Peromyscus maniculatus,P. maniculatus,Cricetidae,S,Y,17,NA
HISHRU,high,2017-08-10,H5,821,PEMA,Peromyscus maniculatus,P. maniculatus,Cricetidae,A,Y,15,NA
HISHRU,high,2017-08-10,H4,034,PEMA,Peromyscus maniculatus,P. maniculatus,Cricetidae,A,Y,21,4 pinkies left in trap
HISHRU,high,2017-08-10,H6,710,PEMA,Peromyscus maniculatus,P. maniculatus,Cricetidae,A,Y,NA,dead
HISHRU,high,2017-08-10,H8,147,PEMA,Peromyscus maniculatus,P. maniculatus,Cricetidae,A,Y,19,NA
HISHRU,high,2017-08-10,A9,134,PEMA,Peromyscus maniculatus,P. maniculatus,Cricetidae,A,Y,17,NA
HISHRU,high,2017-08-10,A6,725,PEMA,Peromyscus maniculatus,P. maniculatus,Cricetidae,A,Y,14,NA
HISHRU,high,2017-08-10,A4,186,PEMA,Peromyscus maniculatus,P. maniculatus,Cricetidae,A,Y,17,NA
HISHRU,high,2017-08-10,A3,132,PEMA,Peromyscus maniculatus,P. maniculatus,Cricetidae,A,Y,19,NA
HISHRU,high,2017-08-10,A1,719,NEQU,Neotamias quadrimaculatus,N. quadrimaculatus,Sciuridae,A,Y,66,NA
HISHRU,high,2017-08-10,B2,817,PEMA,Peromyscus maniculatus,P. maniculatus,Cricetidae,A,Y,17,NA
HISHRU,high,2017-08-10,C8,806,PEMA,Peromyscus maniculatus,P. maniculatus,Cricetidae,A,Y,20,NA
HISQUE,high,2017-08-03,B9,199,PEMA,Peromyscus maniculatus,P. maniculatus,Cricetidae,A,Y,13,slightly scrotal
HISQUE,high,2017-08-03,C2,198,PEMA,Peromyscus maniculatus,P. maniculatus,Cricetidae,A,Y,16,NA
HISQUE,high,2017-08-03,C7,196,PEMA,Peromyscus maniculatus,P. maniculatus,Cricetidae,A,N,17,very scrotal
HISQUE,high,2017-08-03,D9,039,PEMA,Peromyscus maniculatus,P. maniculatus,Cricetidae,A,Y,24,NA
HISQUE,high,2017-08-03,E9,476,PEMA,Peromyscus maniculatus,P. maniculatus,Cricetidae,A,Y,16,mouse escaped during length recording
HISQUE,high,2017-08-03,J4,206,PEMA,Peromyscus maniculatus,P. maniculatus,Cricetidae,A,Y,19,NA
HISQUE,high,2017-08-03,H5,003,PEMA,Peromyscus maniculatus,P. maniculatus,Cricetidae,A,Y,19,NA
HISQUE,high,2017-08-03,H8,212,PEMA,Peromyscus maniculatus,P. maniculatus,Cricetidae,A,Y,15,NA
HITEDD,high,2017-07-20,J9,486,PEMA,Peromyscus maniculatus,P. maniculatus,Cricetidae,A,N,20,NA
HITEDD,high,2017-07-20,J6,077,PEMA,Peromyscus maniculatus,P. maniculatus,Cricetidae,A,Y,21,NA
HITEDD,high,2017-07-20,J5,343,PEMA,Peromyscus maniculatus,P. maniculatus,Cricetidae,A,Y,15,NA
HITEDD,high,2017-07-20,J2,223,PEMA,Peromyscus maniculatus,P. maniculatus,Cricetidae,A,Y,16,NA
HITEDD,high,2017-07-20,I9,346,PEMA,Peromyscus maniculatus,P. maniculatus,Cricetidae,A,Y,19,Huge ears; check guide; changed to PEMA from prev. captures
HITEDD,high,2017-07-20,I7,065,PEMA,Peromyscus maniculatus,P. maniculatus,Cricetidae,A,N,17,NA
HITEDD,high,2017-07-20,I6,073,PEMA,Peromyscus maniculatus,P. maniculatus,Cricetidae,A,N,17,NA
HITEDD,high,2017-07-20,I1,204,PEMA,Peromyscus maniculatus,P. maniculatus,Cricetidae,A,Y,26,very fat
HITEDD,high,2017-07-20,H10,203,PEMA,Peromyscus maniculatus,P. maniculatus,Cricetidae,A,Y,18,NA
HITEDD,high,2017-07-20,G5,449,PEMA,Peromyscus maniculatus,P. maniculatus,Cricetidae,A,Y,23,NA
HITEDD,high,2017-07-20,G6,205,PEMA,Peromyscus maniculatus,P. maniculatus,Cricetidae,A,Y,13,NA
HITEDD,high,2017-07-20,A6,445,PEMA,Peromyscus maniculatus,P. maniculatus,Cricetidae,A,Y,16,NA
HITEDD,high,2017-07-20,A8,347,PEMA,Peromyscus maniculatus,P. maniculatus,Cricetidae,A,Y,17,NA
HITEDD,high,2017-07-20,B9,342,PEMA,Peromyscus maniculatus,P. maniculatus,Cricetidae,A,Y,17,NA
HITEDD,high,2017-07-20,B4,446,PEMA,Peromyscus maniculatus,P. maniculatus,Cricetidae,A,N,22,NA
HITEDD,high,2017-07-20,C10,443,PEMA,Peromyscus maniculatus,P. maniculatus,Cricetidae,S,Y,17,NA
HITEDD,high,2017-07-20,D5,201,PEMA,Peromyscus maniculatus,P. maniculatus,Cricetidae,A,Y,16,NA
HITEDD,high,2017-07-20,G4,480,PEMA,Peromyscus maniculatus,P. maniculatus,Cricetidae,A,Y,20,NA
HIWALK,high,2017-07-13,I8,408,PEMA,Peromyscus maniculatus,P. maniculatus,Cricetidae,A,Y,19,already had 1 brood
HIWALK,high,2017-07-13,H10,001,PEMA,Peromyscus maniculatus,P. maniculatus,Cricetidae,A,Y,24,NA
HIWALK,high,2017-07-13,H2,190,PEMA,Peromyscus maniculatus,P. maniculatus,Cricetidae,A,N,15,NA
HIWALK,high,2017-07-13,G3,194,PEMA,Peromyscus maniculatus,P. maniculatus,Cricetidae,A,Y,20,NA
HIWALK,high,2017-07-13,F5,037,PEMA,Peromyscus maniculatus,P. maniculatus,Cricetidae,A,N,20,NA
HIWALK,high,2017-07-13,E5,107,PEMA,Peromyscus maniculatus,P. maniculatus,Cricetidae,A,Y,17,NA
HIWALK,high,2017-07-13,B9,015,PEMA,Peromyscus maniculatus,P. maniculatus,Cricetidae,A,Y,19,two mice in same trap
HIWALK,high,2017-07-13,B9,115,PEMA,Peromyscus maniculatus,P. maniculatus,Cricetidae,A,Y,18,two mice in same trap
HIWALK,high,2017-07-13,D3,120,PEMA,Peromyscus maniculatus,P. maniculatus,Cricetidae,A,N,21,NA
HIWALK,high,2017-07-13,D6,412,PEMA,Peromyscus maniculatus,P. maniculatus,Cricetidae,A,Y,17,NA
HIWALK,high,2017-07-13,D9,200,PEMA,Peromyscus maniculatus,P. maniculatus,Cricetidae,A,Y,25,gave birth to 1 pinkie while in hand and escaped; pinkie dispatched
MIXBUS,mod,2017-07-27,A8,230,NEQU,Neotamias quadrimaculatus,N. quadrimaculatus,Sciuridae,A,N,89,NA
MIXBUS,mod,2017-07-27,A10,247,NEQU,Neotamias quadrimaculatus,N. quadrimaculatus,Sciuridae,S,N,43,NA
MIXBUS,mod,2017-07-27,C7,309,OTBE,Otospermophilus beecheyi,O. beecheyi,Cricetidae,A,Y,525,NA
MIXBUS,mod,2017-07-27,C10,303,NEQU,Neotamias quadrimaculatus,N. quadrimaculatus,Sciuridae,S,N,46,right ear tagged
MIXBUS,mod,2017-07-27,D3,241,PEMA,Peromyscus maniculatus,P. maniculatus,Cricetidae,S,Y,16,blind mouse from earlier
MIXBUS,mod,2017-07-27,J3,499,PEMA,Peromyscus maniculatus,P. maniculatus,Cricetidae,A,Y,18,NA
MIXBUS,mod,2017-07-27,J5,298,PEMA,Peromyscus maniculatus,P. maniculatus,Cricetidae,A,N,20,NA
MIXBUS,mod,2017-07-27,J6,328,PEMA,Peromyscus maniculatus,P. maniculatus,Cricetidae,S,Y,7,NA
MIXBUS,mod,2017-07-27,J8,495,PEMA,Peromyscus maniculatus,P. maniculatus,Cricetidae,A,N,18,NA
MIXBUS,mod,2017-07-27,J10,498,PEMA,Peromyscus maniculatus,P. maniculatus,Cricetidae,A,N,13,NA
MIXBUS,mod,2017-07-27,I7,494,NEQU,Neotamias quadrimaculatus,N. quadrimaculatus,Sciuridae,A,Y,91,NA
MIXBUS,mod,2017-07-27,F10,493,NEQU,Neotamias quadrimaculatus,N. quadrimaculatus,Sciuridae,A,N,59,NA
MIXBUT,mod,2017-06-29,D2,081091,NEQU,Neotamias quadrimaculatus,N. quadrimaculatus,Sciuridae,A,N,79,NA
MIXBUT,mod,2017-06-29,D3,097090,PEMA,Peromyscus maniculatus,P. maniculatus,Cricetidae,A,Y,21,NA
MIXBUT,mod,2017-06-29,F3,056075,PEMA,Peromyscus maniculatus,P. maniculatus,Cricetidae,A,N,19,NA
MIXBUT,mod,2017-06-29,J7,095063,PEMA,Peromyscus maniculatus,P. maniculatus,Cricetidae,A,N,18,NA
MIXBUT,mod,2017-06-29,I2,890090,PEMA,Peromyscus maniculatus,P. maniculatus,Cricetidae,A,Y,18,NA
MIXBUT,mod,2017-06-29,H1,059087,PEMA,Peromyscus maniculatus,P. maniculatus,Cricetidae,A,Y,19,NA
MIXBUT,mod,2017-06-29,H2,074079,PEMA,Peromyscus maniculatus,P. maniculatus,Cricetidae,A,Y,17,NA
MIXBUT,mod,2017-06-29,H3,250058,PEMA,Peromyscus maniculatus,P. maniculatus,Cricetidae,A,Y,20,NA
MIXBUT,mod,2017-06-29,A3,160175,PEMA,Peromyscus maniculatus,P. maniculatus,Cricetidae,A,Y,17,NA
MIXBUT,mod,2017-06-29,A6,156429,PEMA,Peromyscus maniculatus,P. maniculatus,Cricetidae,A,N,13,NA
MIXBUT,mod,2017-06-29,B1,435437,PEMA,Peromyscus maniculatus,P. maniculatus,Cricetidae,A,N,15,NA
MIXBUT,mod,2017-06-29,C4,444170,PEMA,Peromyscus maniculatus,P. maniculatus,Cricetidae,A,N,13,NA
MIXDP2,mod,2017-08-03,J5,127,NEFU,Neotoma fuscipes,N. fuscipes,Cricetidae,A,Y,119,NA
MIXDP2,mod,2017-08-03,J2,306,PEMA,Peromyscus maniculatus,P. maniculatus,Cricetidae,A,Y,18,NA
MIXDP2,mod,2017-08-03,I2,143,PEMA,Peromyscus maniculatus,P. maniculatus,Cricetidae,S,N,15,ripped ear during ear tag; tagged right ear
MIXMID,mod,2017-08-25,F3,952,PEMA,Peromyscus maniculatus,P. maniculatus,Cricetidae,A,Y,15,NA
MIXMID,mod,2017-08-25,E3,370,PEMA,Peromyscus maniculatus,P. maniculatus,Cricetidae,A,Y,16,NA
MIXMID,mod,2017-08-25,F5,738,PEMA,Peromyscus maniculatus,P. maniculatus,Cricetidae,A,Y,15,cut tail from yesterday; still in pain
MIXMID,mod,2017-08-25,D10,834,PEMA,Peromyscus maniculatus,P. maniculatus,Cricetidae,A,Y,18,weird yellow sticky discharge and will give birth soon
MIXMID,mod,2017-08-25,B5,708,PEMA,Peromyscus maniculatus,P. maniculatus,Cricetidae,A,Y,18,NA
MIXMID,mod,2017-08-25,A9,741,NESE,Neotamias senex,N. senex,Sciuridae,S,N,61,NA
MIXMID,mod,2017-08-25,A7,835,PEMA,Peromyscus maniculatus,P. maniculatus,Cricetidae,A,Y,17,NA
MIXMID,mod,2017-08-25,A4,711,PEMA,Peromyscus maniculatus,P. maniculatus,Cricetidae,A,Y,14,NA
MIXMID,mod,2017-08-25,B10,836,PEMA,Peromyscus maniculatus,P. maniculatus,Cricetidae,A,Y,19,NA
MIXMID,mod,2017-08-25,B6,740,PEMA,Peromyscus maniculatus,P. maniculatus,Cricetidae,S,N,13,NA
MIXMID,mod,2017-08-25,J7,840,PEMA,Peromyscus maniculatus,P. maniculatus,Cricetidae,S,Y,17,NA
MIXMID,mod,2017-08-25,I9,841,PEMA,Peromyscus maniculatus,P. maniculatus,Cricetidae,A,Y,17,NA
MIXMID,mod,2017-08-25,I8,813,PEMA,Peromyscus maniculatus,P. maniculatus,Cricetidae,S,N,12,NA
MIXMID,mod,2017-08-25,I2,849,PEMA,Peromyscus maniculatus,P. maniculatus,Cricetidae,A,Y,15,NA
MIXMID,mod,2017-08-25,H1,737,PEMA,Peromyscus maniculatus,P. maniculatus,Cricetidae,A,Y,12,NA
MIXMIX,mod,2017-07-13,D6,442,PEMA,Peromyscus maniculatus,P. maniculatus,Cricetidae,A,Y,12,NA
MIXMIX,mod,2017-07-13,I10,044,PEMA,Peromyscus maniculatus,P. maniculatus,Cricetidae,A,N,19,NA
MIXMIX,mod,2017-07-13,I1,428,PEMA,Peromyscus maniculatus,P. maniculatus,Cricetidae,A,Y,20,NA
MIXMIX,mod,2017-07-13,E2,337,PEMA,Peromyscus maniculatus,P. maniculatus,Cricetidae,A,Y,23,NA
MIXMOR,mod,2017-08-17,A2,671,PEMA,Peromyscus maniculatus,P. maniculatus,Cricetidae,A,Y,18,NA
MIXMOR,mod,2017-08-17,A5,009046,PEMA,Peromyscus maniculatus,P. maniculatus,Cricetidae,A,Y,18,NA
MIXMOR,mod,2017-08-17,C4,667,PEMA,Peromyscus maniculatus,P. maniculatus,Cricetidae,A,N,20,NA
MIXMOR,mod,2017-08-17,C6,674,PEMA,Peromyscus maniculatus,P. maniculatus,Cricetidae,A,N,14,NA
MIXMOR,mod,2017-08-17,C9,712,PEMA,Peromyscus maniculatus,P. maniculatus,Cricetidae,A,Y,18,NA
MIXMOR,mod,2017-08-17,C10,656,OTBE,Otospermophilus beecheyi,O. beecheyi,Cricetidae,S,N,300,NA
MIXMOR,mod,2017-08-17,E3,385,PEMA,Peromyscus maniculatus,P. maniculatus,Cricetidae,A,Y,NA,mort
MIXMOR,mod,2017-08-17,E5,675,NESE,Neotamias senex,N. senex,Sciuridae,A,N,55,NA
MIXMOR,mod,2017-08-17,E10,703,PEMA,Peromyscus maniculatus,P. maniculatus,Cricetidae,A,Y,15,NA
MIXMOR,mod,2017-08-17,G8,715,OTBE,Otospermophilus beecheyi,O. beecheyi,Cricetidae,A,Y,601,NA
MIXMOR,mod,2017-08-17,J3,089,OTBE,Otospermophilus beecheyi,O. beecheyi,Cricetidae,S,Y,243,NA
MIXMOR,mod,2017-08-17,J4,249,NESE,Neotamias senex,N. senex,Sciuridae,A,Y,69,NA
MIXMOR,mod,2017-08-17,J5,313,PEMA,Peromyscus maniculatus,P. maniculatus,Cricetidae,A,Y,19,NA
MIXMOR,mod,2017-08-17,J6,491,OTBE,Otospermophilus beecheyi,O. beecheyi,Cricetidae,S,Y,243,NA
MIXMOR,mod,2017-08-17,J9,423,PEMA,Peromyscus maniculatus,P. maniculatus,Cricetidae,A,Y,19,NA
MIXMOR,mod,2017-08-17,J10,400294,PEMA,Peromyscus maniculatus,P. maniculatus,Cricetidae,A,N,18,NA
MIXMOR,mod,2017-08-17,B4,716,PEMA,Peromyscus maniculatus,P. maniculatus,Cricetidae,S,Y,21,NA
MIXMOR,mod,2017-08-17,B8,665,PEMA,Peromyscus maniculatus,P. maniculatus,Cricetidae,A,Y,18,NA
MIXMOR,mod,2017-08-17,B10,DAY3-5,SOTR,Sorex trowbridgii,S. trowbridgii,Soricidae,A,N,6,NA
MIXMOR,mod,2017-08-17,B9,666,OTBE,Otospermophilus beecheyi,O. beecheyi,Cricetidae,A,N,705,NA
MIXMOR,mod,2017-08-17,D7,713,PEMA,Peromyscus maniculatus,P. maniculatus,Cricetidae,A,Y,17,NA
MIXMOR,mod,2017-08-17,D10,659,PEMA,Peromyscus maniculatus,P. maniculatus,Cricetidae,A,Y,16,NA
MIXMOR,mod,2017-08-17,F1,724,NESE,Neotamias senex,N. senex,Sciuridae,A,Y,67,NA
MIXMOR,mod,2017-08-17,F4,232,PEMA,Peromyscus maniculatus,P. maniculatus,Cricetidae,S,Y,11,NA
MIXMOR,mod,2017-08-17,F6,311,PEMA,Peromyscus maniculatus,P. maniculatus,Cricetidae,A,Y,13,NA
MIXMOR,mod,2017-08-17,F8,041040,PEMA,Peromyscus maniculatus,P. maniculatus,Cricetidae,A,Y,13,NA
MIXMOR,mod,2017-08-17,H3,221,PEMA,Peromyscus maniculatus,P. maniculatus,Cricetidae,A,N,23,escaped
MIXMOR,mod,2017-08-17,H4,286,PEMA,Peromyscus maniculatus,P. maniculatus,Cricetidae,A,Y,NA,dead
MIXMOR,mod,2017-08-17,H8,324,PEMA,Peromyscus maniculatus,P. maniculatus,Cricetidae,S,Y,13,NA
MIXMOR,mod,2017-08-17,I9,707,PEMA,Peromyscus maniculatus,P. maniculatus,Cricetidae,A,Y,24,NA
MIXMOR,mod,2017-08-17,I2,479,NESE,Neotamias senex,N. senex,Sciuridae,A,Y,65,NA
MIXMOR,mod,2017-08-17,I3,323,PEMA,Peromyscus maniculatus,P. maniculatus,Cricetidae,A,Y,16,NA
MIXMOR,mod,2017-08-17,I5,668,PEMA,Peromyscus maniculatus,P. maniculatus,Cricetidae,A,Y,NA,dead
MIXRAV,mod,2017-07-06,B1,380,PEMA,Peromyscus maniculatus,P. maniculatus,Cricetidae,A,Y,12,NA
MIXRAV,mod,2017-07-06,B3,366,PEMA,Peromyscus maniculatus,P. maniculatus,Cricetidae,A,Y,15,NA
MIXRAV,mod,2017-07-06,A3,387,PEMA,Peromyscus maniculatus,P. maniculatus,Cricetidae,A,Y,13,NA
MIXRAV,mod,2017-07-06,J8,016358,PEMA,Peromyscus maniculatus,P. maniculatus,Cricetidae,A,N,18,faulty pliars - left tag not closed completely; early pregnancy
MIXRAV,mod,2017-07-06,I4,367,PEMA,Peromyscus maniculatus,P. maniculatus,Cricetidae,A,Y,25,huge
MIXRAV,mod,2017-07-06,I1,020,PEMA,Peromyscus maniculatus,P. maniculatus,Cricetidae,A,Y,16,NA
MIXRAV,mod,2017-07-06,H10,361,PEMA,Peromyscus maniculatus,P. maniculatus,Cricetidae,A,Y,12,NA
MIXRAV,mod,2017-07-06,G6,140,PEMA,Peromyscus maniculatus,P. maniculatus,Cricetidae,A,Y,19,NA
MIXRAV,mod,2017-07-06,E2,005,PEMA,Peromyscus maniculatus,P. maniculatus,Cricetidae,A,Y,16,NA
MIXRAV,mod,2017-07-06,D2,049,PEMA,Peromyscus maniculatus,P. maniculatus,Cricetidae,A,Y,23,NA
MIXRAV,mod,2017-07-06,D1,028,PEMA,Peromyscus maniculatus,P. maniculatus,Cricetidae,A,Y,14,NA
MIXRAV,mod,2017-07-06,G8,285,PEMA,Peromyscus maniculatus,P. maniculatus,Cricetidae,A,Y,15,NA
MIXRIV,mod,2017-07-20,J4,264,NEAM,Neotamias amoenus,N. amoenus,Sciuridae,S,Y,45,look at Haley's notes
MIXRIV,mod,2017-07-20,J10,416,PEMA,Peromyscus maniculatus,P. maniculatus,Cricetidae,A,Y,13,NA
MIXRIV,mod,2017-07-20,I5,457,NEAM,Neotamias amoenus,N. amoenus,Sciuridae,S,N,46,look at Haley's notes
MIXRIV,mod,2017-07-20,G10,453,NEAM,Neotamias amoenus,N. amoenus,Sciuridae,S,N,47,look at Haley's notes
MIXRIV,mod,2017-07-20,E6,460,PEMA,Peromyscus maniculatus,P. maniculatus,Cricetidae,A,Y,15,NA
MIXRIV,mod,2017-07-20,A10,455,PEMA,Peromyscus maniculatus,P. maniculatus,Cricetidae,A,Y,17,NA
MIXRIV,mod,2017-07-20,D5,252,PEMA,Peromyscus maniculatus,P. maniculatus,Cricetidae,A,Y,18,NA
MIXWAT,mod,2017-08-10,B8,474,PEMA,Peromyscus maniculatus,P. maniculatus,Cricetidae,A,Y,26,NA
MIXWAT,mod,2017-08-10,I7,336,PEMA,Peromyscus maniculatus,P. maniculatus,Cricetidae,A,Y,23,NA
MIXWAT,mod,2017-08-10,G6,329,PEMA,Peromyscus maniculatus,P. maniculatus,Cricetidae,A,Y,17,NA
GRNCAR,unb,2017-09-06,J9,302,PEMA,Peromyscus maniculatus,P. maniculatus,Cricetidae,A,N,21,NA
GRNCAR,unb,2017-09-06,B2,KING-008,SOTR,Sorex trowbridgii,S. trowbridgii,Soricidae,A,N,NA,NA
GRNCAR,unb,2017-09-06,F3,827,PEMA,Peromyscus maniculatus,P. maniculatus,Cricetidae,A,Y,16,NA
GRNDAM,unb,2017-08-30,C7,974,PEMA,Peromyscus maniculatus,P. maniculatus,Cricetidae,A,N,16,NA
GRNDAM,unb,2017-08-30,I4,897,PEMA,Peromyscus maniculatus,P. maniculatus,Cricetidae,A,Y,12,NA
GRNDAM,unb,2017-08-30,F2,973,PEMA,Peromyscus maniculatus,P. maniculatus,Cricetidae,A,Y,16,tiny testes
GRNHOU,unb,2017-07-26,H7,104,PEMA,Peromyscus maniculatus,P. maniculatus,Cricetidae,S,N,14,NA
GRNHOU,unb,2017-07-26,G8,406,PEMA,Peromyscus maniculatus,P. maniculatus,Cricetidae,A,N,16,NA
GRNKAN,unb,2017-08-02,E1,424,REME,Reithrodontomys megalotis,R. megalotis,Cricetidae,A,N,21,NA
GRNKAN,unb,2017-08-02,C10,410,PEMA,Peromyscus maniculatus,P. maniculatus,Cricetidae,A,N,11,NA
GRNKAN,unb,2017-08-02,J8,497,PEBO,Peromyscus boylii,P. boylii,Cricetidae,A,Y,19,dead
GRNMAS,unb,2017-08-16,A10,826,PEMA,Peromyscus maniculatus,P. maniculatus,Cricetidae,A,N,15,NA
GRNMAS,unb,2017-08-16,F8,KING-067,SOTR,Sorex trowbridgii,S. trowbridgii,Soricidae,S,N,NA,NA
GRNMAS,unb,2017-08-16,I5,847,PEMA,Peromyscus maniculatus,P. maniculatus,Cricetidae,S,N,18,NA
GRNMAS,unb,2017-08-16,I1,705,PETR,Peromyscus truei,P. truei,Cricetidae,A,N,23,NA
GRNMAS,unb,2017-08-16,H10,845,PEMA,Peromyscus maniculatus,P. maniculatus,Cricetidae,S,N,14,NA
GRNQUA,unb,2017-08-09,E10,KING-014,SOTR,Sorex trowbridgii,S. trowbridgii,Soricidae,A,N,NA,dead
GRNSNO,unb,2017-07-19,H10,CLIP-8,SOTR,Sorex trowbridgii,S. trowbridgii,Soricidae,A,N,5,NA
GRNSNO,unb,2017-07-19,B2,CLIP-9,SOTR,Sorex trowbridgii,S. trowbridgii,Soricidae,A,N,4,butt clipped
GRNSNO,unb,2017-07-19,C6,KING-025,SOTR,Sorex trowbridgii,S. trowbridgii,Soricidae,NA,N,NA,dead
GRNTUR,unb,2017-07-12,J10,344,PEMA,Peromyscus maniculatus,P. maniculatus,Cricetidae,A,Y,18,huge ears
GRNTUR,unb,2017-07-12,J6,209,OTBE,Otospermophilus beecheyi,O. beecheyi,Cricetidae,A,N,660,NA
GRNTUR,unb,2017-07-12,J3,341,PEMA,Peromyscus maniculatus,P. maniculatus,Cricetidae,S,Y,15,NA
GRNTUR,unb,2017-07-12,J2,UNIQ-1,SOTR,Sorex trowbridgii,S. trowbridgii,Soricidae,S,N,2,escaped
GRNTUR,unb,2017-07-12,H1,335,PEMA,Peromyscus maniculatus,P. maniculatus,Cricetidae,A,Y,20,NA
GRNTUR,unb,2017-07-12,B10,354,PEMA,Peromyscus maniculatus,P. maniculatus,Cricetidae,S,N,13,NA
GRNTUR,unb,2017-07-12,E7,135,NEQU,Neotamias quadrimaculatus,N. quadrimaculatus,Sciuridae,A,N,72,NA
GRNWOO,unb,2017-07-05,H9,KING-065,SOTR,Sorex trowbridgii,S. trowbridgii,Soricidae,A,N,NA,dead
GRNWOO,unb,2017-07-05,G2,KING-047,SOTR,Sorex trowbridgii,S. trowbridgii,Soricidae,NA,N,NA,dead (trap in sun)
GRNWOO,unb,2017-07-05,F1,430,PEMA,Peromyscus maniculatus,P. maniculatus,Cricetidae,A,Y,12,NA
GRNWOO,unb,2017-07-05,E6,157,PEMA,Peromyscus maniculatus,P. maniculatus,Cricetidae,A,Y,8,NA
GRNWOO,unb,2017-07-05,D9,CLIP-10,SOTR,Sorex trowbridgii,S. trowbridgii,Soricidae,A,Y,NA,dead (recap of live SOTR from 4 Jul 2017); updated from previous info
GRNWOO,unb,2017-07-05,E2,174,PEMA,Peromyscus maniculatus,P. maniculatus,Cricetidae,A,N,11,NA
GRNWOO,unb,2017-07-05,B1,KING-058,SOTR,Sorex trowbridgii,S. trowbridgii,Soricidae,NA,N,NA,dead
GRNWOO,unb,2017-07-05,A5,152,NEFU,Neotoma fuscipes,N. fuscipes,Cricetidae,S,N,75,juvenile
HIBADR,high,2017-08-30,I10,464,PEMA,Peromyscus maniculatus,P. maniculatus,Cricetidae,A,Y,18,NA
HIBADR,high,2017-08-30,J7,326,PEMA,Peromyscus maniculatus,P. maniculatus,Cricetidae,A,Y,18,NA
HIBADR,high,2017-08-30,H2,894,PEMA,Peromyscus maniculatus,P. maniculatus,Cricetidae,A,Y,21,NA
HIBADR,high,2017-08-30,E2,779,PEMA,Peromyscus maniculatus,P. maniculatus,Cricetidae,A,N,16,NA
HIBADR,high,2017-08-30,B5,660,OTBE,Otospermophilus beecheyi,O. beecheyi,Cricetidae,S,Y,286,NA
HIBADR,high,2017-08-30,F5,754,PEMA,Peromyscus maniculatus,P. maniculatus,Cricetidae,A,Y,11,NA
HIBADR,high,2017-08-30,H6,KING-010,PEMA,Peromyscus maniculatus,P. maniculatus,Cricetidae,A,N,NA,mort
HICAMP,high,2017-06-28,A8,458,OTBE,Otospermophilus beecheyi,O. beecheyi,Cricetidae,NA,N,630,NA
HICAMP,high,2017-06-28,B9,470465,PEMA,Peromyscus maniculatus,P. maniculatus,Cricetidae,A,N,15,NA
HICAMP,high,2017-06-28,B1,255,OTBE,Otospermophilus beecheyi,O. beecheyi,Cricetidae,A,N,620,NA
HICAMP,high,2017-06-28,I10,415109,PEMA,Peromyscus maniculatus,P. maniculatus,Cricetidae,A,Y,9,NA
HICAMP,high,2017-06-28,J10,379293,PEMA,Peromyscus maniculatus,P. maniculatus,Cricetidae,A,N,15,NA
HICAMP,high,2017-06-28,H2,150352,PEMA,Peromyscus maniculatus,P. maniculatus,Cricetidae,S,N,19,NA
HICAMP,high,2017-06-28,D9,397,OTBE,Otospermophilus beecheyi,O. beecheyi,Cricetidae,A,N,435,NA
HICAMP,high,2017-06-28,J3,363,OTBE,Otospermophilus beecheyi,O. beecheyi,Cricetidae,A,N,585,NA
HICORN,high,2017-08-16,J2,976,PEMA,Peromyscus maniculatus,P. maniculatus,Cricetidae,S,N,12,NA
HICORN,high,2017-08-16,J6,189,PEMA,Peromyscus maniculatus,P. maniculatus,Cricetidae,A,N,21,has had previous litter
HICORN,high,2017-08-16,G10,890,PEMA,Peromyscus maniculatus,P. maniculatus,Cricetidae,A,N,18,pretty fur and bristly tail; but short tail
HICORN,high,2017-08-16,F1,466,PEMA,Peromyscus maniculatus,P. maniculatus,Cricetidae,A,N,21,too pregnant to jump
HICORN,high,2017-08-16,A8,954,PEMA,Peromyscus maniculatus,P. maniculatus,Cricetidae,A,N,16,NA
HICORN,high,2017-08-16,C3,879,PEMA,Peromyscus maniculatus,P. maniculatus,Cricetidae,S,N,14,NA
HICORN,high,2017-08-16,C8,885,PEMA,Peromyscus maniculatus,P. maniculatus,Cricetidae,A,Y,17,NA
HICORN,high,2017-08-16,C9,050,PEMA,Peromyscus maniculatus,P. maniculatus,Cricetidae,A,Y,16,NA
HICORN,high,2017-08-16,D1,960,PEMA,Peromyscus maniculatus,P. maniculatus,Cricetidae,A,Y,NA,escaped
HICOWS,high,2017-08-24,J4,121,PEMA,Peromyscus maniculatus,P. maniculatus,Cricetidae,A,N,15,NA
HICOWS,high,2017-08-24,J5,860,PEMA,Peromyscus maniculatus,P. maniculatus,Cricetidae,A,Y,19,NA
HICOWS,high,2017-08-24,F2,483,PEMA,Peromyscus maniculatus,P. maniculatus,Cricetidae,A,Y,16,measurements good
HICOWS,high,2017-08-24,F8,085,PEMA,Peromyscus maniculatus,P. maniculatus,Cricetidae,A,N,20,NA
HICOWS,high,2017-08-24,C5,088,PEMA,Peromyscus maniculatus,P. maniculatus,Cricetidae,A,Y,17,NA
HICOWS,high,2017-08-24,B3,350,PEBO,Peromyscus boylii,P. boylii,Cricetidae,A,N,22,NA
HICOWS,high,2017-08-24,B2,482,PEMA,Peromyscus maniculatus,P. maniculatus,Cricetidae,A,N,14,NA
HIDODD,high,2017-07-26,B1,128,PEMA,Peromyscus maniculatus,P. maniculatus,Cricetidae,A,N,25,NA
HIDODD,high,2017-07-26,A4,375,PEMA,Peromyscus maniculatus,P. maniculatus,Cricetidae,A,N,20,NA
HIDODD,high,2017-07-26,F1,351,PEMA,Peromyscus maniculatus,P. maniculatus,Cricetidae,S,Y,12,NA
HIDODD,high,2017-07-26,D10,471,PEMA,Peromyscus maniculatus,P. maniculatus,Cricetidae,A,Y,22,NA
HIDODD,high,2017-07-26,A2,274,PEMA,Peromyscus maniculatus,P. maniculatus,Cricetidae,A,N,16,NA
HIDODD,high,2017-07-26,G10,463,NESE,Neotamias senex,N. senex,Sciuridae,A,Y,71,white spot behind ears; same as yesterday
HIDODD,high,2017-07-26,D7,459,PEMA,Peromyscus maniculatus,P. maniculatus,Cricetidae,S,N,12,NA
HISHRU,high,2017-08-09,A8,820,PEMA,Peromyscus maniculatus,P. maniculatus,Cricetidae,A,Y,16,NA
HISHRU,high,2017-08-09,E8,720,NEQU,Neotamias quadrimaculatus,N. quadrimaculatus,Sciuridae,S,N,62,NA
HISHRU,high,2017-08-09,E9,819,NEAM,Neotamias amoenus,N. amoenus,Sciuridae,S,Y,60,CHANGE ID OF PREVOUS CAPTURE
HISQUE,high,2017-08-02,A1,195,PEMA,Peromyscus maniculatus,P. maniculatus,Cricetidae,A,N,18,NA
HISQUE,high,2017-08-02,I10,208,PEMA,Peromyscus maniculatus,P. maniculatus,Cricetidae,A,N,21,NA
HITEDD,high,2017-07-19,B10,340,PEMA,Peromyscus maniculatus,P. maniculatus,Cricetidae,A,Y,24,NA
HITEDD,high,2017-07-19,C1,450,PEMA,Peromyscus maniculatus,P. maniculatus,Cricetidae,S,N,20,NA
HITEDD,high,2017-07-19,E10,KING-023,PEMA,Peromyscus maniculatus,P. maniculatus,Cricetidae,A,N,NA,dead
HITEDD,high,2017-07-19,F2,207,PEMA,Peromyscus maniculatus,P. maniculatus,Cricetidae,A,Y,15,NA
HITEDD,high,2017-07-19,F8,225,PEMA,Peromyscus maniculatus,P. maniculatus,Cricetidae,A,Y,26,NA
HIWALK,high,2017-07-12,H10,401,PEMA,Peromyscus maniculatus,P. maniculatus,Cricetidae,A,N,28,NA
HIWALK,high,2017-07-12,A5,105,PEMA,Peromyscus maniculatus,P. maniculatus,Cricetidae,A,Y,17,NA
HIWALK,high,2017-07-12,C8,106,PEMA,Peromyscus maniculatus,P. maniculatus,Cricetidae,A,Y,16,early pregnancy
HIWALK,high,2017-07-12,D1,178,PEMA,Peromyscus maniculatus,P. maniculatus,Cricetidae,A,N,23,NA
MIXBUS,mod,2017-07-26,E1,349,NEQU,Neotamias quadrimaculatus,N. quadrimaculatus,Sciuridae,A,N,56,NA
MIXBUS,mod,2017-07-26,F3,226,PEMA,Peromyscus maniculatus,P. maniculatus,Cricetidae,S,N,12,NA
MIXBUS,mod,2017-07-26,J6,288,PEMA,Peromyscus maniculatus,P. maniculatus,Cricetidae,S,N,4,tagged right ear; very small
MIXBUS,mod,2017-07-26,F2,389,PEMA,Peromyscus maniculatus,P. maniculatus,Cricetidae,A,N,18,NA
MIXBUT,mod,2017-06-28,G2,055071,OTBE,Otospermophilus beecheyi,O. beecheyi,Cricetidae,A,N,510,NA
MIXDP2,mod,2017-08-02,A8,319,PEMA,Peromyscus maniculatus,P. maniculatus,Cricetidae,A,N,19,NA
MIXDP2,mod,2017-08-02,I10,KING-072,SOTR,Sorex trowbridgii,S. trowbridgii,Soricidae,S,N,NA,dead; double check at camp
MIXMID,mod,2017-08-24,I9,831,PEMA,Peromyscus maniculatus,P. maniculatus,Cricetidae,S,N,13,NA
MIXMIX,mod,2017-07-12,C10,390,PEMA,Peromyscus maniculatus,P. maniculatus,Cricetidae,A,Y,18,NA
MIXMIX,mod,2017-07-12,J7,384,PEMA,Peromyscus maniculatus,P. maniculatus,Cricetidae,A,N,17,NA
MIXMOR,mod,2017-08-16,A10,287,OTBE,Otospermophilus beecheyi,O. beecheyi,Cricetidae,A,N,268,NA
MIXMOR,mod,2017-08-16,H9,310,PEMA,Peromyscus maniculatus,P. maniculatus,Cricetidae,A,Y,23,NA
MIXMOR,mod,2017-08-16,I7,101,OTBE,Otospermophilus beecheyi,O. beecheyi,Cricetidae,S,N,254,NA
MIXMOR,mod,2017-08-16,B5,414,PEMA,Peromyscus maniculatus,P. maniculatus,Cricetidae,S,N,14,NA
MIXMOR,mod,2017-08-16,F2,706,PEMA,Peromyscus maniculatus,P. maniculatus,Cricetidae,A,Y,19,NA
MIXMOR,mod,2017-08-16,G10,245,PEBO,Peromyscus boylii,P. boylii,Cricetidae,A,Y,18,NA
MIXMOR,mod,2017-08-16,J3,032,NESE,Neotamias senex,N. senex,Sciuridae,A,Y,75,NA
MIXRAV,mod,2017-07-05,B1,148,NEQU,Neotamias quadrimaculatus,N. quadrimaculatus,Sciuridae,A,N,92,NA
MIXRAV,mod,2017-07-05,G8,002,PEMA,Peromyscus maniculatus,P. maniculatus,Cricetidae,A,N,19,NA
MIXRAV,mod,2017-07-05,A4,048,NEQU,Neotamias quadrimaculatus,N. quadrimaculatus,Sciuridae,A,N,82,NA
MIXRAV,mod,2017-07-05,C4,024,PEMA,Peromyscus maniculatus,P. maniculatus,Cricetidae,A,Y,12,NA
MIXRIV,mod,2017-07-19,B9,260,OTBE,Otospermophilus beecheyi,O. beecheyi,Cricetidae,A,N,430,got away while tagging; 260 is a bad tag; escaped
GRNDAM,unb,2017-08-29,A4,CLIP-1,SOTR,Sorex trowbridgii,S. trowbridgii,Soricidae,A,N,5,NA
GRNDAM,unb,2017-08-29,A6,CLIP-2,SOTR,Sorex trowbridgii,S. trowbridgii,Soricidae,A,N,5,appeared to be in shock after release; but recovered quickly
GRNHOU,unb,2017-07-25,J6,CLIP-4,SOTR,Sorex trowbridgii,S. trowbridgii,Soricidae,A,N,5.5,NA
GRNHOU,unb,2017-07-25,H6,103,PEMA,Peromyscus maniculatus,P. maniculatus,Cricetidae,A,N,16,aggressive
GRNHOU,unb,2017-07-25,G10,116,PEMA,Peromyscus maniculatus,P. maniculatus,Cricetidae,A,N,14,escaped after ear tag
GRNHOU,unb,2017-07-25,G1,124,PEMA,Peromyscus maniculatus,P. maniculatus,Cricetidae,A,N,13,NA
GRNHOU,unb,2017-07-25,F2,CLIP-5,SOTR,Sorex trowbridgii,S. trowbridgii,Soricidae,A,N,5,NA
GRNHOU,unb,2017-07-25,C3,KING-073,SOTR,Sorex trowbridgii,S. trowbridgii,Soricidae,A,N,NA,dead
GRNHOU,unb,2017-07-25,D10,010,PEMA,Peromyscus maniculatus,P. maniculatus,Cricetidae,S,N,13,NA
GRNKAN,unb,2017-08-01,A4,123,REME,Reithrodontomys megalotis,R. megalotis,Cricetidae,A,N,19,all brown
GRNKAN,unb,2017-08-01,C10,KING-095,SOTR,Sorex trowbridgii,S. trowbridgii,Soricidae,A,N,NA,dead
GRNKAN,unb,2017-08-01,E9,KING-049,PEMA,Peromyscus maniculatus,P. maniculatus,Cricetidae,A,N,19,dead
GRNKAN,unb,2017-08-01,H10,284,PEMA,Peromyscus maniculatus,P. maniculatus,Cricetidae,A,N,15,NA
GRNKAN,unb,2017-08-01,J9,333,PEBO,Peromyscus boylii,P. boylii,Cricetidae,A,N,24,died during processing
GRNMAS,unb,2017-08-15,D6,KING-101,SOTR,Sorex trowbridgii,S. trowbridgii,Soricidae,A,N,NA,dead
GRNMAS,unb,2017-08-15,F8,652,GLSA,Glaucomys sabrinus,G. sabrinus,Sciuridae,A,N,131,NA
GRNMAS,unb,2017-08-15,J4,810,OTBE,Otospermophilus beecheyi,O. beecheyi,Cricetidae,A,N,363,NA
GRNQUA,unb,2017-08-08,C9,KING-034,SOTR,Sorex trowbridgii,S. trowbridgii,Soricidae,NA,N,NA,dead
GRNSNO,unb,2017-07-18,H7,CLIP-7,SOTR,Sorex trowbridgii,S. trowbridgii,Soricidae,A,N,6,butt clipped
GRNTUR,unb,2017-07-11,C7,138,NEQU,Neotamias quadrimaculatus,N. quadrimaculatus,Sciuridae,A,N,98,NA
GRNTUR,unb,2017-07-11,I6,053,PEMA,Peromyscus maniculatus,P. maniculatus,Cricetidae,NA,N,NA,dead
GRNWOO,unb,2017-07-04,B2,432,NEFU,Neotoma fuscipes,N. fuscipes,Cricetidae,A,N,259,NA
GRNWOO,unb,2017-07-04,A6,434,PEBO,Peromyscus boylii,P. boylii,Cricetidae,A,N,21,NA
GRNWOO,unb,2017-07-04,B1,433,PEMA,Peromyscus maniculatus,P. maniculatus,Cricetidae,S,N,14,NA
GRNWOO,unb,2017-07-04,C1,KING-048,SOTR,Sorex trowbridgii,S. trowbridgii,Soricidae,NA,N,NA,dead; mort
GRNWOO,unb,2017-07-04,C4,151,PEMA,Peromyscus maniculatus,P. maniculatus,Cricetidae,S,N,12,treadle too tight
GRNWOO,unb,2017-07-04,H9,439,PEMA,Peromyscus maniculatus,P. maniculatus,Cricetidae,A,N,16,broken tail
HIBADR,high,2017-08-29,E10,262,PEMA,Peromyscus maniculatus,P. maniculatus,Cricetidae,A,N,20,NA
HIBADR,high,2017-08-29,G6,KING-012,PEMA,Peromyscus maniculatus,P. maniculatus,Cricetidae,A,N,NA,mort
HIBADR,high,2017-08-29,C2,KING-009,PEMA,Peromyscus maniculatus,P. maniculatus,Cricetidae,A,N,NA,mort
HIBADR,high,2017-08-29,A1,985,PEMA,Peromyscus maniculatus,P. maniculatus,Cricetidae,A,N,20,NA
HIBADR,high,2017-08-29,E1,KING-007,PEMA,Peromyscus maniculatus,P. maniculatus,Cricetidae,A,N,19,mort; tail also cut off (possibly in trap)
HIBADR,high,2017-08-29,I3,KING-004,PEMA,Peromyscus maniculatus,P. maniculatus,Cricetidae,A,N,16,mort
HICAMP,high,2017-06-27,J10,413422,PEMA,Peromyscus maniculatus,P. maniculatus,Cricetidae,S,N,13,NA
HICAMP,high,2017-06-27,J9,382277,PEMA,Peromyscus maniculatus,P. maniculatus,Cricetidae,S,N,11,NA
HICAMP,high,2017-06-27,C8,131357,PEMA,Peromyscus maniculatus,P. maniculatus,Cricetidae,A,N,13,NA
HICORN,high,2017-08-15,D1,878,PEMA,Peromyscus maniculatus,P. maniculatus,Cricetidae,A,N,19,NA
HICORN,high,2017-08-15,J4,331,PEMA,Peromyscus maniculatus,P. maniculatus,Cricetidae,A,N,11,NA
HICORN,high,2017-08-15,H1,748,PEMA,Peromyscus maniculatus,P. maniculatus,Cricetidae,A,N,20,NA
HICOWS,high,2017-08-23,A10,202,PEBO,Peromyscus boylii,P. boylii,Cricetidae,S,N,18,NA
HICOWS,high,2017-08-23,H8,425,PEMA,Peromyscus maniculatus,P. maniculatus,Cricetidae,S,N,12,NA
HIDODD,high,2017-07-25,J10,253,PEMA,Peromyscus maniculatus,P. maniculatus,Cricetidae,A,N,16,NA
HIDODD,high,2017-07-25,B7,KING-059,PEMA,Peromyscus maniculatus,P. maniculatus,Cricetidae,A,N,NA,dead in trap
HISHRU,high,2017-08-08,D6,811,PEMA,Peromyscus maniculatus,P. maniculatus,Cricetidae,A,N,25,NA
HISHRU,high,2017-08-08,C8,038,PEMA,Peromyscus maniculatus,P. maniculatus,Cricetidae,A,N,17,NA
HISHRU,high,2017-08-08,I10,365,PEMA,Peromyscus maniculatus,P. maniculatus,Cricetidae,S,N,10,NA
HISHRU,high,2017-08-08,G9,701,PEMA,Peromyscus maniculatus,P. maniculatus,Cricetidae,A,N,17,NA
HISQUE,high,2017-08-01,G8,KING-075,PEMA,Peromyscus maniculatus,P. maniculatus,Cricetidae,A,N,NA,dead
HISQUE,high,2017-08-01,I4,KING-093,PEMA,Peromyscus maniculatus,P. maniculatus,Cricetidae,A,N,NA,dead
HISQUE,high,2017-08-01,D2,KING-085,PEMA,Peromyscus maniculatus,P. maniculatus,Cricetidae,A,N,NA,dead
HITEDD,high,2017-07-18,J4,484,PEMA,Peromyscus maniculatus,P. maniculatus,Cricetidae,A,N,13,NA
HITEDD,high,2017-07-18,E10,210,PEMA,Peromyscus maniculatus,P. maniculatus,Cricetidae,A,N,13,NA
HITEDD,high,2017-07-18,F2,213,PEMA,Peromyscus maniculatus,P. maniculatus,Cricetidae,S,N,15,NA
HITEDD,high,2017-07-18,D2,220,PEMA,Peromyscus maniculatus,P. maniculatus,Cricetidae,A,N,15,NA
HIWALK,high,2017-07-11,I1,043,PEMA,Peromyscus maniculatus,P. maniculatus,Cricetidae,A,N,16,NA
HIWALK,high,2017-07-11,J8,187,PEMA,Peromyscus maniculatus,P. maniculatus,Cricetidae,A,N,15,NA
MIXBUS,mod,2017-07-25,D3,500,PEMA,Peromyscus maniculatus,P. maniculatus,Cricetidae,A,N,22,NA
MIXBUS,mod,2017-07-25,F3,334,PEMA,Peromyscus maniculatus,P. maniculatus,Cricetidae,S,N,11,NA
MIXBUS,mod,2017-07-25,J4,322,NEQU,Neotamias quadrimaculatus,N. quadrimaculatus,Sciuridae,S,N,57,NA
MIXBUS,mod,2017-07-25,I8,165,PEMA,Peromyscus maniculatus,P. maniculatus,Cricetidae,S,N,10,check lengths if recaptured
MIXBUS,mod,2017-07-25,I6,316,NEQU,Neotamias quadrimaculatus,N. quadrimaculatus,Sciuridae,A,N,100,NA
MIXBUS,mod,2017-07-25,H1,246,PEMA,Peromyscus maniculatus,P. maniculatus,Cricetidae,S,N,11,NA
MIXBUT,mod,2017-06-27,J10,070078,PEMA,Peromyscus maniculatus,P. maniculatus,Cricetidae,S,N,17,NA
MIXBUT,mod,2017-06-27,I5,083076,PEMA,Peromyscus maniculatus,P. maniculatus,Cricetidae,A,N,13,NA
MIXDP2,mod,2017-08-01,I2,173,PEMA,Peromyscus maniculatus,P. maniculatus,Cricetidae,A,N,17,really bad tag; ripped out the first time
MIXDP2,mod,2017-08-01,I7,130,PEMA,Peromyscus maniculatus,P. maniculatus,Cricetidae,S,N,13,NA
MIXMID,mod,2017-08-23,I9,900B,PEMA,Peromyscus maniculatus,P. maniculatus,Cricetidae,A,N,12,NA
MIXMIX,mod,2017-07-11,D10,330,PEMA,Peromyscus maniculatus,P. maniculatus,Cricetidae,A,N,15,NA
MIXMIX,mod,2017-07-11,I10,172,PEBO,Peromyscus boylii,P. boylii,Cricetidae,A,N,16,NA
MIXMOR,mod,2017-08-15,B10,KING-094,SOTR,Sorex trowbridgii,S. trowbridgii,Soricidae,A,N,NA,unsure on sex
MIXMOR,mod,2017-08-15,A8,404,OTBE,Otospermophilus beecheyi,O. beecheyi,Cricetidae,A,N,567,NA
MIXMOR,mod,2017-08-15,B3,CLIP-11,SOTR,Sorex trowbridgii,S. trowbridgii,Soricidae,S,N,3,cut hair near right arm
MIXMOR,mod,2017-08-15,F4,CLIP-12,SOTR,Sorex trowbridgii,S. trowbridgii,Soricidae,A,N,4,could smell that it stinks
MIXMOR,mod,2017-08-15,J10,315,NESE,Neotamias senex,N. senex,Sciuridae,A,N,62,NA
MIXMOR,mod,2017-08-15,H9,247B,PEMA,Peromyscus maniculatus,P. maniculatus,Cricetidae,A,N,17,NA
MIXRAV,mod,2017-07-04,J1,KING-074,PEMA,Peromyscus maniculatus,P. maniculatus,Cricetidae,A,N,NA,dead; heatstroke - trap in full sun
MIXRAV,mod,2017-07-04,A1,392,PEMA,Peromyscus maniculatus,P. maniculatus,Cricetidae,A,N,17,NA
MIXRIV,mod,2017-07-18,J9,126,PEMA,Peromyscus maniculatus,P. maniculatus,Cricetidae,A,N,21,escaped
MIXWAT,mod,2017-08-08,F5,176,PEMA,Peromyscus maniculatus,P. maniculatus,Cricetidae,A,N,20,NA
MIXWAT,mod,2017-08-08,I3,278,NESE,Neotamias senex,N. senex,Sciuridae,A,N,67,tail tips white; greyish backside
